"Inventory","name","count","source","destination","year","date","r_date"
"CL_183-19","Languet, Hubert","1","Cologne","Antwerp","1578","1578-10-09","NA"
"CL_183-20","Languet, Hubert","1","Ghent","Antwerp","1578","1578-12-24","NA"
"DvdM_50-01","Banos, Theophile de","1","Frankfurt","Antwerp","1578","NA","NA"
"DvdM_350-01","Oudenforte, R.","1","Lier","Antwerp","1580","1580-04-02","NA"
"DvdM_334-01","Burmania, Dominiques de","1","Duisburg","Cologne","1580","1580-10-10","NA"
"DvdM_305-01","Albada, Aggaeus de","1","Cologne","Antwerp","1582","1582-03-18","NA"
"DvdM_305-02","Albada, Aggaeus de","1","Cologne","Antwerp","1582","1582-07-29","NA"
"DvdM_548-01","Goyvaerts, Hendrick","1","Frankfurt","Antwerp","1582","1582-09-22","NA"
"DvdM_334-02","Burmania, Dominiques de","1","Haarlem","Antwerp","1582","1582-09-23","NA"
"DvdM_305-03","Albada, Aggaeus de","1","Cologne","Antwerp","1582","1582-10-28","NA"
"DvdM_334-03","Burmania, Dominiques de","1","Haarlem","Antwerp","1582","1582-12-18","NA"
"DvdM_305-04","Albada, Aggaeus de","1","Cologne","Antwerp","1582","1582-12-23","NA"
"DvdM_305-05","Albada, Aggaeus de","1","Cologne","Antwerp","1583","1583-01-27","NA"
"DvdM_438-01","Moyen, Rodericus der","1","NA","Antwerp","1583","1583-02-02","NA"
"DvdM_657-01","Banos, Theophile de","1","Frankfurt","Antwerp","1583","1583-09-29","NA"
"CL_183-02","Lempereur, Antonio","1","Cologne","Antwerp","1584","1584-01-30","NA"
"CL_183-03","Lempereur, Antonio","1","Cologne","Antwerp","1584","1584-02-05","NA"
"CL_183-04","Lempereur, Antonio","1","Cologne","Antwerp","1584","1584-02-26","NA"
"DvdM_237-02","Staten van Brabant","1","Antwerp","Middelburg","1584","1584-08-24","NA"
"DvdM_239-08","Lare, J. van","1","Middelburg","Middelburg","1584","1584-08-29","NA"
"DvdM_239-11","Staten van Brabant","1","Antwerp","Middelburg","1584","1584-09-01","NA"
"DvdM_239-12","Staten van Brabant","1","Antwerp","Middelburg","1584","1584-09-03","NA"
"DvdM_238-01","Staten van Brabant","1","Antwerp","Delft","1584","1584-09-06","NA"
"CL_186-004","Meulen, Andries van der","1","Antwerp","Delft","1584","1584-09-07","NA"
"DvdM_238-02","Staten van Brabant","1","Antwerp","Delft","1584","1584-09-07","NA"
"DvdM_237-03","Staten van Brabant","1","Antwerp","Middelburg","1584","1584-09-08","NA"
"DvdM_237-04","Staten van Brabant","1","Antwerp","Middelburg","1584","1584-09-22","NA"
"DvdM_237-05","Staten van Brabant","1","Antwerp","Delft","1584","1584-09-22","NA"
"DvdM_239-19","Staten van Brabant","1","Antwerp","Delft","1584","1584-09-28","NA"
"DvdM_239-20","Staten van Brabant","1","Antwerp","Delft","1584","1584-10-02","NA"
"DvdM_593a-001","Meulen, Andries van der","1","Antwerp","Delft","1584","1584-10-03","NA"
"DvdM_593a-002","Meulen, Andries van der","1","Antwerp","Delft","1584","1584-10-05","NA"
"DvdM_239-26","Staten van Brabant","1","Antwerp","Delft","1584","1584-10-07","NA"
"DvdM_593a-003","Meulen, Andries van der","1","Antwerp","Delft","1584","1584-10-10","NA"
"DvdM_593a-004","Meulen, Andries van der","1","Antwerp","Delft","1584","1584-10-12","NA"
"DvdM_239-27","Burgemeesters of Antwerp","1","Antwerp","Delft","1584","1584-10-14","NA"
"DvdM_593a-005","Meulen, Andries van der","1","Antwerp","Delft","1584","1584-10-16","NA"
"DvdM_593a-006","Meulen, Andries van der","1","Antwerp","Delft","1584","1584-10-17","NA"
"DvdM_593a-007","Meulen, Andries van der","1","Antwerp","Delft","1584","1584-10-18","NA"
"DvdM_593a-008","Meulen, Andries van der","1","Antwerp","Delft","1584","1584-10-24","NA"
"DvdM_593a-009","Meulen, Andries van der","1","Antwerp","Delft","1584","1584-10-25","NA"
"DvdM_593a-010","Meulen, Andries van der","1","Antwerp","Delft","1584","1584-10-27","NA"
"DvdM_295-01","Meulen, Sara van der","1","Antwerp","Delft","1584","1584-10-29","NA"
"DvdM_558-001","Janssen van der Meulen, Peeter","1","Antwerp","Delft","1584","1584-10-29","NA"
"DvdM_593a-011","Meulen, Andries van der","1","Antwerp","Delft","1584","1584-11-03","NA"
"DvdM_295-02","Meulen, Sara van der","1","Antwerp","Delft","1584","1584-11-05","NA"
"DvdM_593a-012","Meulen, Andries van der","1","Antwerp","Delft","1584","1584-11-05","NA"
"DvdM_593a-013","Meulen, Andries van der","1","Antwerp","Delft","1584","1584-11-05","NA"
"DvdM_593a-014","Meulen, Andries van der","1","Antwerp","Delft","1584","1584-11-08","NA"
"DvdM_558-001a","Janssen van der Meulen, Peeter","1","Antwerp","Delft","1584","1584-11-09","NA"
"DvdM_553-01","Hoest, Mattheus de","1","Antwerp","Delft","1584","1584-11-10","NA"
"DvdM_593a-015","Meulen, Andries van der","1","Antwerp","Delft","1584","1584-11-10","NA"
"DvdM_593a-016","Meulen, Andries van der","1","Antwerp","Delft","1584","1584-11-12","NA"
"DvdM_593a-017","Meulen, Andries van der","1","Antwerp","Delft","1584","1584-11-17","NA"
"DvdM_593a-018","Meulen, Andries van der","1","Antwerp","Delft","1584","1584-11-18","NA"
"DvdM_238-03","Staten van Brabant","1","Antwerp","Delft","1584","1584-11-19","NA"
"CL_183-05","Lempereur, Antonio","1","Cologne","Antwerp","1584","1584-11-20","NA"
"DvdM_593a-019","Meulen, Andries van der","1","Antwerp","Delft","1584","1584-11-24","NA"
"DvdM_593a-020","Meulen, Andries van der","1","Antwerp","Delft","1584","1584-11-24","NA"
"DvdM_593a-021","Meulen, Andries van der","1","Antwerp","Delft","1584","1584-11-25","NA"
"DvdM_593a-022","Meulen, Andries van der","1","Antwerp","Delft","1584","1584-11-28","NA"
"DvdM_593a-023","Meulen, Andries van der","1","Antwerp","Delft","1584","1584-11-28","NA"
"DvdM_593a-024","Meulen, Andries van der","1","Antwerp","Delft","1584","1584-12-02","NA"
"DvdM_593a-025/26","Meulen, Andries van der","1","Antwerp","Haarlem","1584","1584-12-04","NA"
"DvdM_593a-027","Meulen, Andries van der","1","Antwerp","Haarlem","1584","1584-12-05","NA"
"DvdM_593a-028/29","Meulen, Andries van der","1","Antwerp","Haarlem","1584","1584-12-07","NA"
"DvdM_593a-030","Meulen, Andries van der","1","Antwerp","Haarlem","1584","1584-12-08","NA"
"DvdM_593a-031/32","Meulen, Andries van der","1","Antwerp","Haarlem","1584","1584-12-08","NA"
"DvdM_558-002","Janssen van der Meulen, Peeter","1","Antwerp","Delft","1584","1584-12-10","NA"
"DvdM_593a-033","Meulen, Andries van der","1","Antwerp","Haarlem","1584","1584-12-10","NA"
"DvdM_593a-034","Meulen, Andries van der","1","Antwerp","Haarlem","1584","1584-12-13","NA"
"DvdM_593a-035","Meulen, Andries van der","1","Antwerp","Haarlem","1584","1584-12-17","NA"
"DvdM_593a-036","Meulen, Andries van der","1","Antwerp","Haarlem","1584","1584-12-25","NA"
"DvdM_593a-037","Meulen, Andries van der","1","Antwerp","Haarlem","1584","1584-12-29","NA"
"DvdM_558-003","Janssen van der Meulen, Peeter","1","Antwerp","Delft","1584","1584-12-30","NA"
"DvdM_593a-038","Meulen, Andries van der","1","Antwerp","Haarlem","1584","1584-12-30","NA"
"DvdM_538a-001","Della Faille, Jacques","1","Haarlem","The Hague","1584","1584-12-12","NA"
"DvdM_593a-039","Meulen, Andries van der","1","Antwerp","Delft","1585","1585-01-03","NA"
"DvdM_593a-040","Meulen, Andries van der","1","Antwerp","Haarlem","1585","1585-01-09","NA"
"DvdM_593a-041","Meulen, Andries van der","1","Antwerp","Haarlem","1585","1585-01-11","NA"
"DvdM_593a-042","Meulen, Andries van der","1","Antwerp","Delft","1585","1585-01-12","NA"
"DvdM_593a-043","Meulen, Andries van der","1","Antwerp","Haarlem","1585","1585-01-12","NA"
"DvdM_593a-044","Meulen, Andries van der","1","Antwerp","Delft","1585","1585-01-17","NA"
"DvdM_593a-045","Meulen, Andries van der","1","Antwerp","Delft","1585","1585-01-22","NA"
"DvdM_593a-046","Meulen, Andries van der","1","Antwerp","Delft","1585","1585-01-23","NA"
"DvdM_274-07","Della Faille, Marten","1","Antwerp","Haarlem","1585","1585-01-24","NA"
"DvdM_593a-047","Meulen, Andries van der","1","Antwerp","Delft","1585","1585-01-28","NA"
"DvdM_593a-048","Meulen, Andries van der","1","Antwerp","Delft","1585","1585-01-30","NA"
"DvdM_593a-049","Meulen, Andries van der","1","Antwerp","Delft","1585","1585-02-05","NA"
"DvdM_593a-050","Meulen, Andries van der","1","Antwerp","Delft","1585","1585-02-07","NA"
"DvdM_538a-004","Della Faille, Jacques","1","Haarlem","Delft","1585","1585-02-10","NA"
"DvdM_593a-051","Meulen, Andries van der","1","Antwerp","Delft","1585","1585-02-11","NA"
"DvdM_593a-052","Meulen, Andries van der","1","Antwerp","Delft","1585","1585-02-16","NA"
"DvdM_538a-003","Della Faille, Jacques","1","Haarlem","The Hague","1585","1585-02-20","NA"
"DvdM_593a-053","Meulen, Andries van der","1","Antwerp","Delft","1585","1585-02-20","NA"
"DvdM_538a-005","Della Faille, Jacques","1","Haarlem","Delft","1585","1585-02-21","NA"
"DvdM_593a-054","Meulen, Andries van der","1","Antwerp","Delft","1585","1585-02-22","NA"
"DvdM_593a-055","Meulen, Andries van der","1","Antwerp","Delft","1585","1585-02-25","NA"
"DvdM_661-01","Staten van Brabant","1","Antwerp","Delft","1585","1585-02-25","NA"
"DvdM_593a-056","Meulen, Andries van der","1","Antwerp","Delft","1585","1585-02-26","NA"
"DvdM_661-02","Staten van Brabant","1","Antwerp","Delft","1585","1585-02-26","NA"
"DvdM_593a-057","Meulen, Andries van der","1","Antwerp","Delft","1585","1585-02-27","NA"
"DvdM_593a-058","Meulen, Andries van der","1","Antwerp","Delft","1585","1585-03-02","NA"
"DvdM_593a-059","Meulen, Andries van der","1","Antwerp","Delft","1585","1585-03-05","NA"
"DvdM_593a-060","Meulen, Andries van der","1","Antwerp","Delft","1585","1585-03-09","NA"
"DvdM_593a-061","Meulen, Andries van der","1","Antwerp","Delft","1585","1585-03-11","NA"
"DvdM_538a-006","Della Faille, Jacques","1","Haarlem","Delft","1585","1585-03-12","NA"
"DvdM_593a-062","Meulen, Andries van der","1","Antwerp","Delft","1585","1585-03-13","NA"
"DvdM_538a-007","Della Faille, Jacques","1","Haarlem","Delft","1585","1585-03-14","NA"
"DvdM_593a-063","Meulen, Andries van der","1","Antwerp","Delft","1585","1585-03-14","NA"
"DvdM_593a-064","Staten van Brabant","1","Antwerp","Delft","1585","1585-03-14","NA"
"DvdM_593a-066","Meulen, Andries van der","1","Antwerp","Delft","1585","1585-03-15","NA"
"DvdM_593a-066","Meulen, Andries van der","1","Antwerp","Delft","1585","1585-03-19","NA"
"DvdM_538a-008","Della Faille, Jacques","1","Haarlem","Delft","1585","1585-03-25","NA"
"DvdM_539-01","Della Faille, Joris","1","Dordrecht","Haarlem","1585","1585-03-25","NA"
"DvdM_593a-067","Meulen, Andries van der","1","Antwerp","Delft","1585","1585-03-25","NA"
"DvdM_274-08","Della Faille, Marten","1","Antwerp","Haarlem","1585","1585-03-28","NA"
"DvdM_593a-068","Meulen, Andries van der","1","Antwerp","Delft","1585","1585-03-28","NA"
"DvdM_593a-069","Meulen, Andries van der","1","Antwerp","Delft","1585","1585-03-30","NA"
"DvdM_593a-070","Meulen, Andries van der","1","Antwerp","Delft","1585","1585-03-31","NA"
"DvdM_593a-071","Meulen, Andries van der","1","Antwerp","Delft","1585","1585-04-06","NA"
"DvdM_593a-072","Meulen, Andries van der","1","Antwerp","Delft","1585","1585-04-10","NA"
"DvdM_56-03","Eeckeren, Robert van","1","Haarlem","Delft","1585","1585-04-11","NA"
"DvdM_593a-073","Meulen, Andries van der","1","Antwerp","Delft","1585","1585-04-11","NA"
"DvdM_593a-074","Meulen, Andries van der","1","Antwerp","Delft","1585","1585-04-19","NA"
"DvdM_593a-075","Meulen, Andries van der","1","Antwerp","Delft","1585","1585-04-24","NA"
"DvdM_239-43","Anraet, Thomas","1","Antwerp","Delft","1585","1585-04-27","NA"
"DvdM_593a-076","Meulen, Andries van der","1","Antwerp","Delft","1585","1585-04-28","NA"
"DvdM_593a-077","Meulen, Andries van der","1","Antwerp","Delft","1585","1585-04-30","NA"
"DvdM_538a-009","Della Faille, Jacques","1","Haarlem","Delft","1585","1585-05-01","NA"
"DvdM_593a-078","Meulen, Andries van der","1","Antwerp","Middelburg","1585","1585-05-04","NA"
"DvdM_538a-011","Della Faille, Jacques","1","Haarlem","Delft","1585","1585-05-08","NA"
"DvdM_274-10a","Della Faille, Marten","1","Antwerp","Delft","1585","1585-05-09","NA"
"DvdM_593a-079","Meulen, Andries van der","1","Antwerp","Delft","1585","1585-05-09","NA"
"DvdM_593a-080","Meulen, Andries van der","1","Antwerp","Delft","1585","1585-05-11","NA"
"DvdM_538a-012","Della Faille, Jacques","1","Haarlem","Delft","1585","1585-05-12","NA"
"DvdM_593a-081","Meulen, Andries van der","1","Antwerp","Delft","1585","1585-05-17","NA"
"DvdM_538a-013","Della Faille, Jacques","1","Haarlem","Delft","1585","1585-05-20","NA"
"DvdM_274-10b","Della Faille, Marten","1","Antwerp","Delft","1585","1585-05-28","NA"
"DvdM_538a-014","Della Faille, Jacques","1","Haarlem","Delft","1585","1585-05-28","NA"
"DvdM_593a-082","Meulen, Andries van der","1","Antwerp","Delft","1585","1585-05-28","NA"
"DvdM_593a-083","Meulen, Andries van der","1","Antwerp","Delft","1585","1585-05-28","NA"
"DvdM_593a-084","Meulen, Andries van der","1","Antwerp","Delft","1585","1585-05-30","NA"
"DvdM_593a-085","Meulen, Andries van der","1","Antwerp","Delft","1585","1585-06-01","NA"
"DvdM_593a-086","Meulen, Andries van der","1","Antwerp","Delft","1585","1585-06-04","NA"
"DvdM_538a-015","Della Faille, Jacques","1","Haarlem","Middelburg","1585","1585-06-11","NA"
"DvdM_239-45","Staten van Brabant","1","Antwerp","The Hague","1585","1585-06-13","NA"
"DvdM_593a-087","Meulen, Andries van der","1","Antwerp","Delft","1585","1585-06-14","NA"
"DvdM_538a-016","Della Faille, Jacques","1","Haarlem","NA","1585","1585-06-17","NA"
"DvdM_218-020","Burgemeesters of Antwerp","1","Antwerp","The Hague","1585","1585-06-19","NA"
"DvdM_593a-088","Meulen, Andries van der","1","Antwerp","Delft","1585","1585-06-20","NA"
"DvdM_157-02a","Wale, Jan de","1","Venice","Haarlem","1585","1585-06-23","NA"
"DvdM_593a-089","Meulen, Andries van der","1","Antwerp","Delft","1585","1585-06-29","NA"
"DvdM_593a-090","Meulen, Andries van der","1","Antwerp","Delft","1585","1585-07-05","NA"
"DvdM_593a-091","Meulen, Andries van der","1","Antwerp","Delft","1585","1585-07-09","NA"
"DvdM_593a-092","Meulen, Andries van der","1","Antwerp","Delft","1585","1585-07-12","NA"
"DvdM_593a-093","Meulen, Andries van der","1","Antwerp","Delft","1585","1585-07-13","NA"
"DvdM_593a-094","Meulen, Andries van der","1","Antwerp","Delft","1585","1585-07-19","NA"
"DvdM_593a-095","Meulen, Andries van der","1","Antwerp","Delft","1585","1585-07-25","NA"
"DvdM_593a-096","Meulen, Andries van der","1","Antwerp","Delft","1585","1585-07-27","NA"
"DvdM_538a-018","Della Faille, Jacques","1","Lisse","Delft","1585","1585-07-29","NA"
"DvdM_593a-097a","Meulen, Andries van der","1","Antwerp","Delft","1585","1585-07-31","NA"
"DvdM_593a-097b","Meulen, Andries van der","1","Antwerp","Delft","1585","1585-08-01","NA"
"DvdM_538a-019","Della Faille, Jacques","1","Haarlem","Delft","1585","1585-08-02","NA"
"DvdM_538a-020","Della Faille, Jacques","1","Haarlem","Delft","1585","1585-08-06","NA"
"DvdM_674-01","Calvart, Jacques","1","Haarlem","Delft","1585","1585-08-06","NA"
"DvdM_538a-022","Della Faille, Jacques","1","Haarlem","Delft","1585","1585-08-07","NA"
"DvdM_593a-098","Meulen, Andries van der","1","Antwerp","Delft","1585","1585-08-08","NA"
"DvdM_538a-023","Della Faille, Jacques","1","Haarlem","Delft","1585","1585-08-09","NA"
"DvdM_538a-024","Della Faille, Jacques","1","Haarlem","Delft","1585","1585-08-12","NA"
"DvdM_593a-099","Meulen, Andries van der","1","Antwerp","Delft","1585","1585-08-12","NA"
"DvdM_593a-100","Meulen, Andries van der","1","Antwerp","Delft","1585","1585-08-16","NA"
"DvdM_538a-025","Della Faille, Jacques","1","Haarlem","Delft","1585","1585-08-18","NA"
"DvdM_538a-027","Della Faille, Jacques","1","Haarlem","Delft","1585","1585-08-22","NA"
"DvdM_593a-101","Meulen, Andries van der","1","Antwerp","Delft","1585","1585-08-22","NA"
"DvdM_157-02b","Wale, Jan de","1","Venice","Haarlem","1585","1585-08-30","NA"
"DvdM_538a-029","Della Faille, Jacques","1","Haarlem","Delft","1585","1585-09-02","NA"
"DvdM_538a-030","Della Faille, Jacques","1","Haarlem","Delft","1585","1585-09-03","NA"
"DvdM_558-004","Janssen van der Meulen, Peeter","1","Antwerp","Delft","1585","1585-09-04","NA"
"DvdM_538a-031","Della Faille, Jacques","1","Haarlem","Delft","1585","1585-09-06","NA"
"DvdM_538a-033","Della Faille, Jacques","1","Haarlem","Delft","1585","1585-09-07","NA"
"DvdM_538a-034","Della Faille, Jacques","1","Haarlem","Delft","1585","1585-09-08","NA"
"DvdM_538a-036","Della Faille, Jacques","1","Haarlem","Delft","1585","1585-09-10","NA"
"DvdM_538a-037","Della Faille, Jacques","1","Haarlem","Delft","1585","1585-09-14","NA"
"DvdM_274-11","Della Faille, Marten","1","Antwerp","Delft","1585","1585-09-16","NA"
"DvdM_274-12","Della Faille, Marten","1","Antwerp","Delft","1585","1585-09-17","NA"
"DvdM_538a-039","Della Faille, Jacques","1","Het Vlie","Bremen","1585","1585-10-21","NA"
"DvdM_538a-040","Della Faille, Jacques","1","Hamburg","Bremen","1585","1585-10-30","NA"
"DvdM_538a-041","Della Faille, Jacques","1","Emden","Bremen","1585","1585-11-30","NA"
"DvdM_538a-042","Noirot, Jacques","1","Haarlem","Bremen","1585","1585-12-16","NA"
"DvdM_538a-043","Noirot, Jacques","1","Amsterdam","Bremen","1585","1585-12-20","NA"
"DvdM_538a-044","Della Faille, Jacques","1","Haarlem","Bremen","1585","1585-12-27","NA"
"DvdM_274-13","Della Faille, Marten","1","Antwerp","Bremen","1586","1586-01-05","1586-01-26"
"DvdM_538a-045/46","Della Faille, Jacques","1","Haarlem","Bremen","1586","1586-01-18","NA"
"DvdM_538a-047","Della Faille, Jacques","1","Haarlem","Bremen","1586","1586-02-13","NA"
"DvdM_593a-102","Meulen, Andries van der","1","Bremen","Brunswick, Germany","1586","1586-02-14","NA"
"DvdM_538a-049","Della Faille, Jacques","1","Haarlem","Bremen","1586","1586-04-16","NA"
"DvdM_593a-103","Meulen, Andries van der","1","Bremen","Haarlem","1586","1586-05-22","NA"
"DvdM_538a-050","Della Faille, Jacques","1","Haarlem","Middelburg","1586","1586-05-30","NA"
"DvdM_593a-104","Meulen, Andries van der","1","Bremen","Middelburg","1586","1586-05-31","NA"
"DvdM_538a-051","Della Faille, Jacques","1","The Hague","Delft","1586","1586-06-01","NA"
"DvdM_538a-052","Della Faille, Jacques","1","The Hague","Delft","1586","1586-06-01","NA"
"DvdM_538a-053","Della Faille, Jacques","1","Haarlem","Utrecht","1586","1586-06-01","NA"
"DvdM_593a-105","Meulen, Andries van der","1","Bremen","Middelburg","1586","1586-06-04","NA"
"DvdM_593a-107","Meulen, Andries van der","1","Bremen","London","1586","1586-06-12","NA"
"DvdM_593a-108","Meulen, Andries van der","1","Bremen","London","1586","1586-06-17","NA"
"DvdM_593a-109","Meulen, Andries van der","1","Bremen","London","1586","1586-06-25","NA"
"DvdM_593a-110","Meulen, Andries van der","1","Bremen","London","1586","1586-07-10","NA"
"DvdM_593a-111","Meulen, Andries van der","1","Bremen","London","1586","1586-07-19","1586-08-26"
"DvdM_593a-112","Meulen, Andries van der","1","Bremen","London","1586","1586-07-22","NA"
"DvdM_593a-113","Meulen, Andries van der","1","Bremen","London","1586","1586-07-25","NA"
"DvdM_593a-115/116","Meulen, Andries van der","1","Bremen","London","1586","1586-07-26","NA"
"DvdM_593a-114","Meulen, Andries van der","1","Bremen","London","1586","1586-07-29","NA"
"DvdM_274-14","Della Faille, Marten","1","Antwerp","London","1586","1586-08-21","1586-08-30"
"DvdM_593a-117","Meulen, Andries van der","1","Bremen","London","1586","1586-08-26","NA"
"DvdM_274-15","Della Faille, Marten","1","Antwerp","London","1586","1586-09-12","NA"
"DvdM_593a-118/119","Meulen, Andries van der","1","Bremen","London","1586","1586-09-15","NA"
"DvdM_274-16","Della Faille, Marten","1","Antwerp","London","1586","1586-09-28","NA"
"DvdM_593a-119a","Meulen, Andries van der","1","Bremen","NA","1586","1586-10-11","NA"
"DvdM_593a-119b","Meulen, Andries van der","1","Bremen","NA","1586","1586-10-31","NA"
"DvdM_593a-119c","Meulen, Andries van der","1","Bremen","NA","1586","1586-11-04","NA"
"DvdM_538a-054","Della Faille, Jacques","1","London","Bremen","1586","1586-11-06","NA"
"DvdM_538a-055/57","Della Faille, Jacques","1","London","Bremen","1586","1586-12-09","NA"
"DvdM_538a-058","Della Faille, Jacques","1","London","Bremen","1586","1586-12-17","NA"
"DvdM_538a-059","Hamels, Josina","1","Haarlem","Bremen","1587","1587-01-02","NA"
"DvdM_538a-060/61","Della Faille, Jacques","1","London","Bremen","1587","1587-01-28","NA"
"DvdM_538a-062","Hamels, Josina","1","Haarlem","Bremen","1587","1587-02-13","NA"
"DvdM_538a-063","Della Faille, Jacques","1","London","Bremen","1587","1587-03-06","NA"
"DvdM_60-12","Della Faille, Jacques","1","Haarlem","Bremen","1587","1587-04-12","NA"
"DvdM_270-01/02","Della Faille, Jan","1","Leiden","Bremen","1587","1587-05-03","NA"
"DvdM_606-01","Eeckeren, Hester van","1","Dordrecht","Bremen","1587","1587-06-17","NA"
"DvdM_262-01","Eeckeren, Robert van","1","Antwerp","Bremen","1587","1587-06-20","NA"
"DvdM_538a-064/68","Della Faille, Jacques","1","Haarlem","Bremen","1587","1587-07-09","1587-07-19"
"DvdM_274-18","Della Faille, Marten","1","Antwerp","Bremen","1587","1587-07-26","NA"
"DvdM_538a-069","Della Faille, Jacques","1","Haarlem","Bremen","1587","1587-09-01","1587-09-15"
"DvdM_536-01","Eeckeren, Robert van","1","Antwerp","Bremen","1587","1587-09-06","NA"
"DvdM_325-01","Borne, Jan","1","Antwerp","Bremen","1587","1587-10-03","1587-11-01"
"DvdM_538a-071/73","Della Faille, Jacques","1","Haarlem","Bremen","1587","1587-10-04","NA"
"DvdM_536-02","Eeckeren, Robert van","1","Antwerp","Bremen","1587","1587-11-30","1588-01-28"
"DvdM_538a-074/75","Della Faille, Jacques","1","Haarlem","Bremen","1587","1587-12-18","1588-01-13"
"DvdM_538a-077/83","Della Faille, Jacques","1","Haarlem","Bremen","1588","1588-02-08","1588-02-29"
"DvdM_262-02","Eeckeren, Robert van","1","Antwerp","Bremen","1588","1588-03-09","NA"
"DvdM_513","Achelen, Aelken van","1","Haarlem","Bremen","1588","1588-04-01","NA"
"DvdM_606-02","Eeckeren, Hester van","1","Dordrecht","Bremen","1588","1588-04-01","NA"
"DvdM_538a-087/88","Della Faille, Jacques","1","Haarlem","Bremen","1588","1588-04-06","NA"
"DvdM_607-001","Noirot, Melchior","1","Frankfurt","Bremen","1588","1588-04-09","NA"
"DvdM_538a-089","Della Faille, Jacques","1","Haarlem","Bremen","1588","1588-04-17","NA"
"DvdM_538a-095/96","Della Faille, Jacques","1","Haarlem","Bremen","1588","1588-06-11","NA"
"DvdM_536-03","Eeckeren, Robert van","1","Antwerp","Bremen","1588","1588-06-29","NA"
"DvdM_536-04","Eeckeren, Robert van","1","Antwerp","Bremen","1588","1588-07-01","NA"
"DvdM_538a-098/99","Della Faille, Jacques","1","Haarlem","Bremen","1588","1588-07-04","NA"
"DvdM_538a-100","Della Faille, Jacques","1","Haarlem","Bremen","1588","1588-07-09","NA"
"DvdM_538a-097","Della Faille, Jacques","1","Haarlem","Bremen","1588","1588-07-15","NA"
"DvdM_480-1","Sixtinus, R.","1","Marburg","Bremen","1588","1588-07-16","NA"
"DvdM_480-2","Sixtinus, R.","1","Marburg","Bremen","1588","1588-07-27","NA"
"DvdM_536-05","Eeckeren, Robert van","1","Antwerp","Bremen","1588","1588-07-27","NA"
"DvdM_274-19","Della Faille, Marten","1","Antwerp","Bremen","1588","1588-08-03","NA"
"DvdM_536-06","Eeckeren, Robert van","1","Antwerp","Bremen","1588","1588-08-03","NA"
"DvdM_274-20","Della Faille, Marten","1","Antwerp","Bremen","1588","1588-08-10","NA"
"DvdM_536-07","Eeckeren, Robert van","1","Antwerp","Bremen","1588","1588-08-24","NA"
"DvdM_274-21","Della Faille, Marten","1","Antwerp","Bremen","1588","1588-08-27","NA"
"DvdM_606-03","Eeckeren, Hester van","1","Dordrecht","Bremen","1588","1588-09-06","NA"
"DvdM_295-03","Meulen, Sara van der","1","Cologne","Bremen","1588","1588-09-15","NA"
"DvdM_553-02","Hoest, Mattheus de","1","Antwerp","Middelburg","1588","1588-11-02","NA"
"DvdM_538a-101/102","Della Faille, Jacques","1","Haarlem","Bremen","1588","1588-11-07","NA"
"DvdM_538a-090/91","Della Faille, Jacques","1","Haarlem","Bremen","1588","1588-05-08","NA"
"DvdM_621-10","Schot de Oude, Jacques","1","Delft","Bremen","1589","1589-02-12","NA"
"DvdM_536-08","Eeckeren, Robert van","1","Antwerp","Bremen","1589","1589-03-15","NA"
"DvdM_538a-103/104","Della Faille, Jacques","1","Haarlem","Bremen","1589","1589-04-14","NA"
"DvdM_658-01","Beke, Jan van der","1","Vlissingen","Bremen","1589","1589-04-16","NA"
"DvdM_660-001","Bongars, Jacques","1","Frankfurt","Bremen","1589","1589-04-17","NA"
"DvdM_589-01","Mandernach, Nicolas","1","Dordrecht","Bremen","1589","1589-04-26","1589-05-15"
"DvdM_358-01","Grabius, Joseph","1","NA","NA","1589","1589-04-28","NA"
"DvdM_325-02","Borne, Jan","1","Antwerp","Bremen","1589","1589-05-03","NA"
"DvdM_358-03","Grabius, Joseph","1","NA","NA","1589","1589-05-03","NA"
"DvdM_424-01","Maerschalck, Francois de","1","Delft","Bremen","1589","1589-05-11","NA"
"DvdM_660-002","Bongars, Jacques","1","Frankfurt","Bremen","1589","1589-05-14","NA"
"DvdM_660-003","Bongars, Jacques","1","Frankfurt","Bremen","1589","1589-05-14","NA"
"DvdM_325-03","Borne, Jan","1","Antwerp","Bremen","1589","1589-05-24","NA"
"DvdM_325-04","Borne, Jan","1","Antwerp","Bremen","1589","1589-06-07","NA"
"DvdM_274-22","Della Faille, Marten","1","Antwerp","Bremen","1589","1589-06-14","1589-06-21"
"DvdM_558-06","Janssen van der Meulen, Peeter","1","Stade","Bremen","1589","1589-06-18","1589-06-19"
"DvdM_657-02","Banos, Theophile de","1","Frankfurt","Bremen","1589","1589-06-19","1589-06-25"
"DvdM_432-01","Meganck, Louis","1","Delft","Bremen","1589","1589-06-28","NA"
"DvdM_558-07","Janssen van der Meulen, Peeter","1","Stade","Bremen","1589","1589-08-06","NA"
"DvdM_274-23","Della Faille, Marten","1","Antwerp","Bremen","1589","1589-08-16","1589-08-27"
"DvdM_649-01","Wolf, Jan de","1","Haarlem","Bremen","1589","1589-08-17","NA"
"DvdM_538a-105/106","Della Faille, Jacques","1","Haarlem","Bremen","1589","1589-08-28","NA"
"DvdM_538a-107","Della Faille, Jacques","1","Haarlem","Bremen","1589","1589-09-02","NA"
"DvdM_538a-108/109","Della Faille, Jacques","1","Haarlem","Bremen","1589","1589-09-04","1589-10-17"
"DvdM_538a-110","Della Faille, Jacques","1","Haarlem","Bremen","1589","1589-09-10","1589-09-23"
"DvdM_538a-111/112","Della Faille, Jacques","1","Haarlem","Bremen","1589","1589-09-23","1589-11-02"
"DvdM_536-09","Eeckeren, Robert van","1","Antwerp","Bremen","1589","1589-09-27","1589-10-07"
"DvdM_536-10","Eeckeren, Robert van","1","Antwerp","Bremen","1589","1589-10-04","1589-10-15"
"DvdM_538a-113","Della Faille, Jacques","1","Haarlem","Bremen","1589","1589-10-19","1589-10-25"
"DvdM_274-24","Della Faille, Marten","1","Antwerp","Bremen","1589","1589-10-20","NA"
"DvdM_536-11","Eeckeren, Robert van","1","Antwerp","Bremen","1589","1589-10-25","1589-11-05"
"DvdM_274-25","Della Faille, Marten","1","Antwerp","Bremen","1589","1589-10-31","1589-11-12"
"DvdM_538a-114","Della Faille, Jacques","1","Amsterdam","Bremen","1589","1589-11-01","NA"
"DvdM_538a-115","Della Faille, Jacques","1","Haarlem","Bremen","1589","1589-11-14","1589-12-04"
"DvdM_538a-116","Della Faille, Jacques","1","Haarlem","Bremen","1589","1589-11-14","NA"
"DvdM_538a-120","Della Faille, Jacques","1","Amsterdam","Bremen","1589","1589-11-14","NA"
"DvdM_538a-117","Della Faille, Jacques","1","Haarlem","Bremen","1589","1589-11-21","NA"
"DvdM_536-12","Eeckeren, Robert van","1","Antwerp","Bremen","1589","1589-11-22","NA"
"DvdM_538a-118/119","Della Faille, Jacques","1","Haarlem","Bremen","1589","1589-12-12","1589-12-23"
"DvdM_538a-121","Della Faille, Jacques","1","Haarlem","Bremen","1589","1589-12-17","1590-01-05"
"DvdM_536-13","Eeckeren, Robert van","1","Antwerp","Bremen","1589","1589-12-20","NA"
"DvdM_274-26","Della Faille, Marten","1","Antwerp","Bremen","1589","1589-12-29","1590-01-06"
"DvdM_558-08","Janssen van der Meulen, Peeter","1","Lille","Vlissingen","1589","1590-12-16","NA"
"DvdM_274-27","Della Faille, Marten","1","Antwerp","Bremen","1590","1590-01-03","1590-01-16"
"DvdM_538a-122","Della Faille, Jacques","1","Haarlem","Bremen","1590","1590-01-14","1590-02-05"
"DvdM_454-01","Pittavin","1","Caen","Bremen","1590","1590-01-15","NA"
"DvdM_538a-125","Della Faille, Jacques","1","Haarlem","Bremen","1590","1590-01-16","1590-02-05"
"DvdM_536-14","Eeckeren, Robert van","1","Antwerp","Bremen","1590","1590-01-17","1590-01-29"
"DvdM_606-04","Eeckeren, Hester van","1","Haarlem","Bremen","1590","1590-01-28","NA"
"DvdM_538a-123/124","Della Faille, Jacques","1","Haarlem","Bremen","1590","1590-02-05","1590-02-17"
"DvdM_536-15","Eeckeren, Robert van","1","Antwerp","Bremen","1590","1590-02-07","NA"
"DvdM_538a-126/127","Della Faille, Jacques","1","Haarlem","Bremen","1590","1590-02-20","1590-03-01"
"DvdM_274-28","Della Faille, Marten","1","Antwerp","Bremen","1590","1590-02-21","1590-03-04"
"DvdM_536-16","Eeckeren, Robert van","1","Antwerp","Bremen","1590","1590-02-21","1590-03-04"
"DvdM_538a-128","Della Faille, Jacques","1","Haarlem","Bremen","1590","1590-03-08","1590-03-19"
"DvdM_538a-129","Della Faille, Jacques","1","Haarlem","Bremen","1590","1590-03-09","NA"
"DvdM_536-17","Eeckeren, Robert van","1","Antwerp","Bremen","1590","1590-03-21","1590-03-31"
"DvdM_274-29","Della Faille, Marten","1","Antwerp","Frankfurt","1590","1590-04-04","1590-04-16"
"DvdM_538a-130","Della Faille, Jacques","1","Haarlem","Frankfurt","1590","1590-04-06","NA"
"DvdM_536-18","Eeckeren, Robert van","1","Antwerp","Bremen","1590","1590-04-11","1590-04-28"
"DvdM_538a-131","Della Faille, Jacques","1","Haarlem","Bremen","1590","1590-04-18","1590-04-27"
"DvdM_538a-132/133","Della Faille, Jacques","1","Haarlem","Bremen","1590","1590-04-20","NA"
"DvdM_536-19","Eeckeren, Robert van","1","Antwerp","Frankfurt","1590","1590-04-25","NA"
"DvdM_274-30","Della Faille, Marten","1","Antwerp","Frankfurt","1590","1590-04-28","1590-05-08"
"DvdM_536-20","Eeckeren, Robert van","1","Antwerp","Frankfurt","1590","1590-04-30","1590-05-13"
"DvdM_448","Pampius, Albertus","1","Helmstedt Brunswick","Bremen","1590","1590-06-18","NA"
"DvdM_649-02","Wolf, Jan de","1","Haarlem","Bremen","1590","1590-06-26","NA"
"DvdM_536-21","Eeckeren, Robert van","1","Antwerp","Bremen","1590","1590-06-27","NA"
"DvdM_538a-134","Della Faille, Jacques","1","Haarlem","Bremen","1590","1590-07-03","NA"
"DvdM_538a-135","Della Faille, Jacques","1","Haarlem","Bremen","1590","1590-07-24","1590-07-29"
"DvdM_311","däó»Audenfort, Gomar","1","Amsterdam","Bremen","1590","1590-07-25","NA"
"DvdM_274-31","Della Faille, Marten","1","Antwerp","Bremen","1590","1590-08-01","1590-08-12"
"DvdM_468-01","Reide, Everhard de","1","The Hague","Bremen","1590","1590-08-06","NA"
"DvdM_538a-136/137","Della Faille, Jacques","1","Haarlem","Bremen","1590","1590-08-07","1590-08-12"
"DvdM_504","Warck, Reynerus van de","1","Marburg","Frankfurt","1590","1590-08-11","NA"
"DvdM_538a-138","Della Faille, Jacques","1","Haarlem","Bremen","1590","1590-08-14","1590-08-19"
"DvdM_524-01","Berrewijns, Hans","1","Hamburg","Bremen","1590","1590-08-16","1590-08-22"
"DvdM_538a-139","Della Faille, Jacques","1","Haarlem","Bremen","1590","1590-08-21","1590-08-27"
"DvdM_274-32","Della Faille, Marten","1","Antwerp","Bremen","1590","1590-08-22","1590-09-01"
"DvdM_567","Kindt, P.A.","1","Frankfurt","Bremen","1590","1590-08-24","NA"
"DvdM_536-22","Eeckeren, Robert van","1","Antwerp","Bremen","1590","1590-08-25","NA"
"DvdM_628-01","Stiger, Hans de","1","Nuremberg","Bremen","1590","1590-08-28","NA"
"DvdM_538a-140","Della Faille, Jacques","1","Haarlem","Bremen","1590","1590-08-28","1590-09-02"
"DvdM_538a-141/142","Della Faille, Jacques","1","Haarlem","Bremen","1590","1590-09-11","1590-09-25"
"DvdM_538a-143","Della Faille, Jacques","1","Haarlem","Bremen","1590","1590-09-18","1590-09-25"
"DvdM_536-23","Eeckeren, Robert van","1","Antwerp","Frankfurt","1590","1590-09-23","NA"
"DvdM_649-03","Wolf, Jan de","1","Haarlem","Bremen","1590","1590-09-24","1590-10-07"
"DvdM_684-01","Unknown correspondents","1","Dieppe","NA","1590","1590-10-01","NA"
"DvdM_535-001","Eeckeren, Francisco van","1","Venice","Bremen","1590","1590-10-05","1590-10-21"
"DvdM_658-02/4","Beke, Jan van der","1","Vlissingen","Bremen","1590","1590-10-06","NA"
"DvdM_536-24","Eeckeren, Robert van","1","Antwerp","Bremen","1590","1590-10-17","NA"
"DvdM_612","Perger, Marttin Enrus","1","Hamburg","Bremen","1590","1590-10-23","NA"
"DvdM_313","Bastingius, Jeremias","1","Dordrecht","Bremen","1590","1590-12-10","NA"
"DvdM_519-01","Bellasi, Agostino","1","London","Antwerp","1591","1591-02-07","NA"
"DvdM_553-03","Hoest, Mattheus de","1","Leiden","Antwerp","1591","1591-02-12","NA"
"DvdM_558-009","Janssen van der Meulen, Peeter","1","Middelburg","Antwerp","1591","1591-02-13","NA"
"DvdM_569-01","Klamp, Johann","1","Bremen","Antwerp","1591","1591-02-16","NA"
"DvdM_677-01","Montens, Godevart","1","Bremen","Antwerp","1591","1591-02-19","NA"
"DvdM_558-010","Janssen van der Meulen, Peeter","1","Middelburg","Antwerp","1591","1591-02-25","NA"
"DvdM_656","Backer, Andre","1","Halberstadt","Bremen","1591","1591-03-17","NA"
"DvdM_296-01","Pierens, Anna","1","Stade","Bremen","1591","1591-04-11","NA"
"DvdM_519-02","Matzo, Cesaro","1","Leiden","Antwerp","1591","1591-04-16","NA"
"DvdM_324","Bormania, Rinaldo de","1","Naples, Italy","Bremen","1591","1591-05-25","NA"
"DvdM_530","Boots, Hans","1","Wesel","Bremen","1591","1591-07-21","NA"
"DvdM_558-011","Janssen van der Meulen, Peeter","1","Newbury, England","Bremen","1591","1591-08-16","NA"
"DvdM_538a-144","Della Faille, Jacques","1","Haarlem","Bremen","1591","1591-08-20","1591-08-25"
"DvdM_660-004","Bongars, Jacques","1","Frankfurt","Bremen","1591","1591-08-23","1591-08-28"
"DvdM_519-03","Bellasi, Agostino","1","Verona","Bremen","1591","1591-08-30","1591-09-30"
"DvdM_638-001","Vogele, Joos de","1","Haarlem","Bremen","1591","1591-08-31","NA"
"DvdM_579-05","Lempereur, Antonio","1","Amsterdam","Bremen","1591","1591-09-03","NA"
"DvdM_536-25","Eeckeren, Robert van","1","Antwerp","Bremen","1591","1591-09-04","1591-09-15"
"DvdM_586-01","Maillet, Pierre","1","Middelburg","Bremen","1591","1591-09-06","1591-09-28"
"DvdM_660-005","Bongars, Jacques","1","Frankfurt","Bremen","1591","1591-09-06","NA"
"DvdM_519-04","Bellasi, Agostino","1","Verona","Bremen","1591","1591-09-11","1591-09-30"
"DvdM_536-26","Eeckeren, Robert van","1","Antwerp","Bremen","1591","1591-09-11","NA"
"DvdM_658-05","Beke, Jan van der","1","Vlissingen","Bremen","1591","1591-09-12","NA"
"DvdM_660-006","Bongars, Jacques","1","Frankfurt","Bremen","1591","1591-09-13","1591-09-20"
"DvdM_535-003","Eeckeren, Francisco van","1","Venice","Bremen","1591","1591-09-14","1591-09-30"
"DvdM_538a-145","Della Faille, Jacques","1","Haarlem","Bremen","1591","1591-09-15","NA"
"DvdM_558-012","Janssen van der Meulen, Peeter","1","Newbury, England","Bremen","1591","1591-09-17","1591-10-26"
"DvdM_586-02","Maillet, Pierre","1","Middelburg","Bremen","1591","1591-09-17","1591-09-28"
"DvdM_660-007","Bongars, Jacques","1","Frankfurt","Bremen","1591","1591-09-18","1591-09-23"
"DvdM_553-04","Hoest, Mattheus de","1","Leiden","Bremen","1591","1591-09-20","NA"
"DvdM_677-02","Montens, Godevart","1","Leiden","Bremen","1591","1591-09-22","NA"
"DvdM_538a-146","Della Faille, Jacques","1","Haarlem","Bremen","1591","1591-09-24","NA"
"DvdM_535-004/5","Eeckeren, Francisco van","1","Venice","Bremen","1591","1591-09-27","1591-10-14"
"DvdM_602-01","Neste, Antonio van","1","Venice","Bremen","1591","1591-09-27","1591-10-14"
"DvdM_598-01","Minau, Balthasar","1","Vicenza","Bremen","1591","1591-10-01","NA"
"DvdM_536-27","Eeckeren, Robert van","1","Antwerp","Bremen","1591","1591-10-02","NA"
"DvdM_454-02","Pittavin","1","Caen","Bremen","1591","1591-10-03","NA"
"DvdM_657-03","Banos, Theophile de","1","Frankfurt","Bremen","1591","1591-10-03","1591-10-24"
"DvdM_535-006","Eeckeren, Francisco van","1","Venice","Bremen","1591","1591-10-04","1591-10-21"
"DvdM_519-05","Bellasi, Agostino","1","Verona","Bremen","1591","1591-10-09","NA"
"DvdM_536-28","Eeckeren, Robert van","1","Antwerp","Bremen","1591","1591-10-09","NA"
"DvdM_553-05","Hoest, Mattheus de","1","Leiden","Leiden","1591","1591-10-10","NA"
"DvdM_519-06","Bellasi, Agostino","1","Verona","Bremen","1591","1591-10-16","1591-11-04"
"DvdM_519-07","Bellasi, Agostino","1","Verona","Bremen","1591","1591-10-18","1591-11-19"
"DvdM_535-007","Eeckeren, Francisco van","1","Venice","Bremen","1591","1591-10-18","1591-11-04"
"DvdM_558-013","Janssen van der Meulen, Peeter","1","Newbury, England","Bremen","1591","1591-10-19","1591-11-18"
"DvdM_519-08","Bellasi, Agostino","1","Verona","Bremen","1591","1591-10-23","1591-11-26"
"DvdM_598-02","Minau, Balthasar","1","Vicenza","Bremen","1591","1591-10-23","1591-11-09"
"DvdM_535-008","Eeckeren, Francisco van","1","Venice","Bremen","1591","1591-10-25","1591-11-11"
"DvdM_536-29","Eeckeren, Robert van","1","Antwerp","Bremen","1591","1591-10-26","NA"
"DvdM_598-03","Minau, Balthasar","1","Vicenza","Bremen","1591","1591-10-31","1591-11-19"
"DvdM_602-02","Neste, Antonio van","1","Venice","Bremen","1591","1591-11-01","1591-11-19"
"DvdM_274-33","Della Faille, Marten","1","Antwerp","Leiden","1591","1591-11-07","1591-11-18"
"DvdM_535-009","Eeckeren, Francisco van","1","Venice","Bremen","1591","1591-11-08","1591-11-26"
"DvdM_332","Bukentop, Hendrick","1","The Hague","Leiden","1591","1591-11-12","NA"
"DvdM_558-014","Janssen van der Meulen, Peeter","1","Newbury, England","Leiden","1591","1591-11-14","NA"
"DvdM_535-010","Eeckeren, Francisco van","1","Venice","Bremen","1591","1591-11-15","1591-12-02"
"DvdM_598-04","Minau, Balthasar","1","Vicenza","Bremen","1591","1591-11-15","1591-11-28"
"DvdM_468-03","Reide, Everhard de","1","The Hague","Leiden","1591","1591-11-17","1591-11-23"
"DvdM_535-012","Eeckeren, Francisco van","1","Venice","Bremen","1591","1591-11-22","1591-12-09"
"DvdM_598-05","Minau, Balthasar","1","Vicenza","Bremen","1591","1591-11-22","1591-12-12"
"DvdM_278","Frumault, Robert","1","The Hague","Leiden","1591","1591-12-04","NA"
"DvdM_558-015","Janssen van der Meulen, Peeter","1","Newbury, England","Leiden","1591","1591-12-08","NA"
"DvdM_274-34","Della Faille, Marten","1","Antwerp","Leiden","1591","1591-12-10","1591-12-19"
"DvdM_502-01","Eynde, Anneken van den","1","Bergen op Zoom","Bremen","1591","NA","NA"