inventory,writer,count,source,destination,year,date,r_date,language,notes
CL_183-19,"Languet, Hubert",1,Cologne,Antwerp,1578,15781009,NA,French,
CL_183-20,"Languet, Hubert",1,Ghent,Antwerp,1578,15781224,NA,French,"Location is unclear, but must be from Cologne where other letter was from"
DvdM_350-01,"Oudenforte, R.",1,Lier,Antwerp,1580,15800402,NA,,
DvdM_334-01,"Burmania, Dominiques de",1,Duisburg,Cologne,1580,15801010,NA,French,
DvdM_305-01,"Albada, Aggaeus de",1,Cologne,Antwerp,1582,15820318,NA,Latin,
DvdM_305-02,"Albada, Aggaeus de",1,Cologne,Antwerp,1582,15820729,NA,Latin,
DvdM_548-01,"Goyvaerts, Hendrick",1,Frankfurt,Antwerp,1582,15820922,NA,,
DvdM_334-02,"Burmania, Dominiques de",1,Haarlem,Antwerp,1582,15820923,NA,,
DvdM_305-03,"Albada, Aggaeus de",1,Cologne,Antwerp,1582,15821028,NA,Latin,
DvdM_334-03,"Burmania, Dominiques de",1,Haarlem,Antwerp,1582,15821218,NA,,
DvdM_305-04,"Albada, Aggaeus de",1,Cologne,Antwerp,1582,15821223,NA,Latin,
DvdM_305-05,"Albada, Aggaeus de",1,Cologne,Antwerp,1583,15830127,NA,Latin,
DvdM_438-01,"Moyen, Rodericus der",1,NA,Antwerp,1583,15830202,NA,Latin,Sent from an unknown location
DvdM_657-01,"Banos, Theophile de",1,Frankfurt,Antwerp,1583,15830929,NA,French,Old style
CL_183-02,"Lempereur, Antonio",1,Cologne,Antwerp,1584,15840130,NA,French,
CL_183-03,"Lempereur, Antonio",1,Cologne,Antwerp,1584,15840205,NA,French,
CL_183-04,"Lempereur, Antonio",1,Cologne,Antwerp,1584,15840226,NA,French,
DvdM_237-02,Staten van Brabant,1,Antwerp,Middelburg,1584,15840824,NA,Dutch,RGP-3
DvdM_239-08,"Lare, J. van",1,Middelburg,Middelburg,1584,15840829,NA,,RGP-4. Sent Daniel a letter while he was in Middelburg acting as representative of States of Brabant.
DvdM_239-11,Staten van Brabant,1,Antwerp,Middelburg,1584,15840901,NA,Dutch,RGP-5
DvdM_239-12,Staten van Brabant,1,Antwerp,Middelburg,1584,15840903,NA,French,RGP-6
DvdM_238-01,Staten van Brabant,1,Antwerp,Delft,1584,15840906,NA,French,RGP-7
CL_186-004,"Meulen, Andries van der",1,Antwerp,Delft,1584,15840907,NA,Dutch,RGP-8
DvdM_238-02,Staten van Brabant,1,Antwerp,Delft,1584,15840907,NA,French,RGP-9
DvdM_237-03,Staten van Brabant,1,Antwerp,Middelburg,1584,15840908,NA,Dutch,RGP-10
DvdM_237-04,Staten van Brabant,1,Antwerp,Middelburg,1584,15840922,NA,Dutch,RGP-12. Instructions for Daniel at the States of Zeeland.
DvdM_237-05,Staten van Brabant,1,Antwerp,Delft,1584,15840922,NA,Dutch,RGP-11. Instructions for Daniel at the States of Holland and the States General.
DvdM_239-19,Staten van Brabant,1,Antwerp,Delft,1584,15840928,NA,Dutch,RGP-13
DvdM_239-20,Staten van Brabant,1,Antwerp,Delft,1584,15841002,NA,Dutch,RGP-15
DvdM_593a-001,"Meulen, Andries van der",1,Antwerp,Delft,1584,15841003,NA,Dutch,RGP-16
DvdM_593a-002,"Meulen, Andries van der",1,Antwerp,Delft,1584,15841005,NA,Dutch,RGP-17
DvdM_239-26,Staten van Brabant,1,Antwerp,Delft,1584,15841007,NA,Dutch,RGP-18
DvdM_593a-003,"Meulen, Andries van der",1,Antwerp,Delft,1584,15841010,NA,Dutch,RGP-19
DvdM_593a-004,"Meulen, Andries van der",1,Antwerp,Delft,1584,15841012,NA,Dutch,RGP-20
DvdM_239-27,Burgemeesters of Antwerp,1,Antwerp,Delft,1584,15841014,NA,Dutch,RGP-21
DvdM_593a-005,"Meulen, Andries van der",1,Antwerp,Delft,1584,15841016,NA,Dutch,RGP-22
DvdM_593a-006,"Meulen, Andries van der",1,Antwerp,Delft,1584,15841017,NA,Dutch,RGP-23
DvdM_593a-007,"Meulen, Andries van der",1,Antwerp,Delft,1584,15841018,NA,Dutch,RGP-24
DvdM_593a-008,"Meulen, Andries van der",1,Antwerp,Delft,1584,15841024,NA,Dutch,RGP-25
DvdM_593a-009,"Meulen, Andries van der",1,Antwerp,Delft,1584,15841025,NA,Dutch,RGP-26
DvdM_593a-010,"Meulen, Andries van der",1,Antwerp,Delft,1584,15841027,NA,Dutch,RGP-27
DvdM_558-001,"Janssen van der Meulen, Peeter",1,Antwerp,Delft,1584,15841029,NA,Dutch,RGP-29
DvdM_295-01,"Meulen, Sara van der",1,Antwerp,Delft,1584,15841029,NA,Dutch,RGP-28
DvdM_593a-011,"Meulen, Andries van der",1,Antwerp,Delft,1584,15841103,NA,Dutch,RGP-30
DvdM_593a-012,"Meulen, Andries van der",1,Antwerp,Delft,1584,15841105,NA,Dutch,RGP-31. Sent over land by express.
DvdM_593a-013,"Meulen, Andries van der",1,Antwerp,Delft,1584,15841105,NA,Dutch,RGP-32. Sent by sea.
DvdM_295-02,"Meulen, Sara van der",1,Antwerp,Delft,1584,15841105,NA,Dutch,RGP-33
DvdM_593a-014,"Meulen, Andries van der",1,Antwerp,Delft,1584,15841108,NA,Dutch,RGP-34. Written on 7–8 November.
DvdM_558-001a,"Janssen van der Meulen, Peeter",1,Antwerp,Delft,1584,15841109,NA,Dutch,RGP-35
DvdM_553-01,"Hoest, Mattheus de",1,Antwerp,Delft,1584,15841110,NA,Dutch,RGP-37
DvdM_593a-015,"Meulen, Andries van der",1,Antwerp,Delft,1584,15841110,NA,Dutch,RGP-36. Written on 9_10 November.
DvdM_593a-016,"Meulen, Andries van der",1,Antwerp,Delft,1584,15841112,NA,Dutch,RGP-38. Sent to ‘Delft oft daer hij is.”
DvdM_593a-017,"Meulen, Andries van der",1,Antwerp,Delft,1584,15841117,NA,Dutch,RGP-39
DvdM_593a-018,"Meulen, Andries van der",1,Antwerp,Delft,1584,15841118,NA,Dutch,RGP-40
DvdM_238-03,Staten van Brabant,1,Antwerp,Delft,1584,15841119,NA,Dutch,RGP-41
CL_183-05,"Lempereur, Antonio",1,Cologne,Antwerp,1584,15841120,NA,French,RGP-42
DvdM_593a-019,"Meulen, Andries van der",1,Antwerp,Delft,1584,15841124,NA,Dutch,RGP-43
DvdM_593a-020,"Meulen, Andries van der",1,Antwerp,Delft,1584,15841124,NA,Dutch,RGP-44
DvdM_593a-021,"Meulen, Andries van der",1,Antwerp,Delft,1584,15841125,NA,Dutch,RGP-45. Letter not sent till 28 November.
DvdM_593a-022,"Meulen, Andries van der",1,Antwerp,Delft,1584,15841128,NA,Dutch,RGP-46
DvdM_593a-023,"Meulen, Andries van der",1,Antwerp,Delft,1584,15841128,NA,Dutch,RGP-47
DvdM_593a-024,"Meulen, Andries van der",1,Antwerp,Delft,1584,15841202,NA,Dutch,RGP-48
DvdM_593a-025/26,"Meulen, Andries van der",1,Antwerp,Haarlem,1584,15841204,NA,Dutch,RGP-50
DvdM_593a-027,"Meulen, Andries van der",1,Antwerp,Haarlem,1584,15841205,NA,Dutch,RGP-51
DvdM_593a-028/29,"Meulen, Andries van der",1,Antwerp,Haarlem,1584,15841207,NA,Dutch,RGP-52
DvdM_593a-030,"Meulen, Andries van der",1,Antwerp,Haarlem,1584,15841208,NA,Dutch,RGP-53
DvdM_593a-031/32,"Meulen, Andries van der",1,Antwerp,Haarlem,1584,15841208,NA,Dutch,RGP-54/55
DvdM_558-002,"Janssen van der Meulen, Peeter",1,Antwerp,Delft,1584,15841210,NA,Dutch,RGP-57
DvdM_593a-033,"Meulen, Andries van der",1,Antwerp,Haarlem,1584,15841210,NA,Dutch,RGP-56
DvdM_538a-001,"Della Faille, Jacques",1,Haarlem,The Hague,1584,15841212,NA,Dutch,RGP-58
DvdM_593a-034,"Meulen, Andries van der",1,Antwerp,Haarlem,1584,15841213,NA,Dutch,RGP-59
DvdM_593a-035,"Meulen, Andries van der",1,Antwerp,Haarlem,1584,15841217,NA,Dutch,RGP-60
DvdM_593a-036,"Meulen, Andries van der",1,Antwerp,Haarlem,1584,15841225,NA,Dutch,RGP-61
DvdM_593a-037,"Meulen, Andries van der",1,Antwerp,Haarlem,1584,15841229,NA,Dutch,RGP-62. Written on 28–29 December.
DvdM_558-003,"Janssen van der Meulen, Peeter",1,Antwerp,Delft,1584,15841230,NA,Dutch,RGP-63
DvdM_593a-038,"Meulen, Andries van der",1,Antwerp,Haarlem,1584,15841230,NA,Dutch,RGP-64. Written on 30–31 December.
DvdM_593a-039,"Meulen, Andries van der",1,Antwerp,Delft,1585,15850103,NA,Dutch,RGP-65. Sent to Delft or where he is.
DvdM_593a-040,"Meulen, Andries van der",1,Antwerp,Haarlem,1585,15850109,NA,Dutch,RGP-66. Sent to Haarlem or where he is.
DvdM_593a-041,"Meulen, Andries van der",1,Antwerp,Haarlem,1585,15850111,NA,Dutch,RGP-67. Sent with the messenger from Amsterdam.
DvdM_593a-042,"Meulen, Andries van der",1,Antwerp,Delft,1585,15850112,NA,Dutch,RGP-68. Written on 11–12 January. Sent to Delft or where he is.
DvdM_593a-043,"Meulen, Andries van der",1,Antwerp,Haarlem,1585,15850112,NA,Dutch,RGP-69
DvdM_593a-044,"Meulen, Andries van der",1,Antwerp,Delft,1585,15850117,NA,Dutch,RGP-70
DvdM_593a-045,"Meulen, Andries van der",1,Antwerp,Delft,1585,15850122,NA,Dutch,RGP-71
DvdM_593a-046,"Meulen, Andries van der",1,Antwerp,Delft,1585,15850123,NA,Dutch,RGP-72
DvdM_274-07,"Della Faille, Marten",1,Antwerp,Haarlem,1585,15850124,NA,Dutch,RGP-73
DvdM_593a-047,"Meulen, Andries van der",1,Antwerp,Delft,1585,15850128,NA,Dutch,RGP-74
DvdM_593a-048,"Meulen, Andries van der",1,Antwerp,Delft,1585,15850130,NA,Dutch,RGP-75. Sent to Delft or Haarlem.
DvdM_593a-049,"Meulen, Andries van der",1,Antwerp,Delft,1585,15850205,NA,Dutch,RGP-76
DvdM_593a-050,"Meulen, Andries van der",1,Antwerp,Delft,1585,15850207,NA,Dutch,RGP-77
DvdM_538a-004,"Della Faille, Jacques",1,Haarlem,Delft,1585,15850210,NA,Dutch,RGP-78
DvdM_593a-051,"Meulen, Andries van der",1,Antwerp,Delft,1585,15850211,NA,Dutch,RGP-79
DvdM_593a-052,"Meulen, Andries van der",1,Antwerp,Delft,1585,15850216,NA,Dutch,RGP-80
DvdM_538a-003,"Della Faille, Jacques",1,Haarlem,The Hague,1585,15850220,NA,Dutch,RGP-82
DvdM_593a-053,"Meulen, Andries van der",1,Antwerp,Delft,1585,15850220,NA,Dutch,RGP-81
DvdM_538a-005,"Della Faille, Jacques",1,Haarlem,Delft,1585,15850221,NA,Dutch,RGP-83
DvdM_593a-054,"Meulen, Andries van der",1,Antwerp,Delft,1585,15850222,NA,Dutch,RGP-84. Written on 21–22 February.
DvdM_593a-055,"Meulen, Andries van der",1,Antwerp,Delft,1585,15850225,NA,Dutch,RGP-85
DvdM_661-01,Staten van Brabant,1,Antwerp,Delft,1585,15850225,NA,Dutch,RGP-86
DvdM_593a-056,"Meulen, Andries van der",1,Antwerp,Delft,1585,15850226,NA,Dutch,RGP-87
DvdM_661-02,Staten van Brabant,1,Antwerp,Delft,1585,15850226,NA,Dutch,RGP-86a
DvdM_593a-057,"Meulen, Andries van der",1,Antwerp,Delft,1585,15850227,NA,Dutch,RGP-88. No listed destination.
DvdM_593a-058,"Meulen, Andries van der",1,Antwerp,Delft,1585,15850302,NA,Dutch,RGP-89
DvdM_593a-059,"Meulen, Andries van der",1,Antwerp,Delft,1585,15850305,NA,Dutch,RGP-90
DvdM_593a-060,"Meulen, Andries van der",1,Antwerp,Delft,1585,15850309,NA,Dutch,RGP-91
DvdM_593a-061,"Meulen, Andries van der",1,Antwerp,Delft,1585,15850311,NA,Dutch,RGP-92
DvdM_538a-006,"Della Faille, Jacques",1,Haarlem,Delft,1585,15850312,NA,Dutch,RGP-93
DvdM_593a-062,"Meulen, Andries van der",1,Antwerp,Delft,1585,15850313,NA,Dutch,RGP-94
DvdM_538a-007,"Della Faille, Jacques",1,Haarlem,Delft,1585,15850314,NA,Dutch,RGP-96
DvdM_593a-063,"Meulen, Andries van der",1,Antwerp,Delft,1585,15850314,NA,Dutch,RGP-95
DvdM_593a-064,Staten van Brabant,1,Antwerp,Delft,1585,15850314,NA,Dutch,RGP-97
DvdM_593a-066,"Meulen, Andries van der",1,Antwerp,Delft,1585,15850315,NA,Dutch,RGP-98
DvdM_593a-066,"Meulen, Andries van der",1,Antwerp,Delft,1585,15850319,NA,Dutch,RGP-99
DvdM_538a-008,"Della Faille, Jacques",1,Haarlem,Delft,1585,15850325,NA,Dutch,RGP-101
DvdM_539-01,"Della Faille, Joris",1,Dordrecht,Haarlem,1585,15850325,NA,Dutch,RGP-100. Son of Marten. Likely from Dordrecht. St 2 from this inventory is actually from Nicolas Malapert in Frankfurt.
DvdM_593a-067,"Meulen, Andries van der",1,Antwerp,Delft,1585,15850325,NA,Dutch,RGP-102. Letter not sent until 28 March 1585. 'Godt beware den bode'
DvdM_274-08,"Della Faille, Marten",1,Antwerp,Haarlem,1585,15850328,NA,Dutch,RGP-103
DvdM_593a-068,"Meulen, Andries van der",1,Antwerp,Delft,1585,15850328,NA,Dutch,RGP-104
DvdM_593a-069,"Meulen, Andries van der",1,Antwerp,Delft,1585,15850330,NA,Dutch,RGP-105
DvdM_593a-070,"Meulen, Andries van der",1,Antwerp,Delft,1585,15850331,NA,Dutch,RGP-106
DvdM_593a-071,"Meulen, Andries van der",1,Antwerp,Delft,1585,15850406,NA,Dutch,RGP-107
DvdM_593a-072,"Meulen, Andries van der",1,Antwerp,Delft,1585,15850410,NA,Dutch,RGP-108
DvdM_56-03,"Eeckeren, Robert van",1,Haarlem,Delft,1585,15850411,NA,Dutch,RGP-110
DvdM_593a-073,"Meulen, Andries van der",1,Antwerp,Delft,1585,15850411,NA,Dutch,RGP-109
DvdM_593a-074,"Meulen, Andries van der",1,Antwerp,Delft,1585,15850419,NA,Dutch,RGP-111
DvdM_593a-075,"Meulen, Andries van der",1,Antwerp,Delft,1585,15850424,NA,Dutch,RGP-113
DvdM_239-43,"Anraet, Thomas",1,Antwerp,Delft,1585,15850427,NA,Dutch,RGP-114
DvdM_593a-076,"Meulen, Andries van der",1,Antwerp,Delft,1585,15850428,NA,Dutch,RGP-115
DvdM_593a-077,"Meulen, Andries van der",1,Antwerp,Delft,1585,15850430,NA,Dutch,RGP-116. Daniel was actually in Middelburg at this time.
DvdM_538a-009,"Della Faille, Jacques",1,Haarlem,Delft,1585,15850501,NA,Dutch,RGP-117
DvdM_593a-078,"Meulen, Andries van der",1,Antwerp,Middelburg,1585,15850504,NA,Dutch,RGP-118
DvdM_538a-011,"Della Faille, Jacques",1,Haarlem,Delft,1585,15850508,NA,Dutch,RGP-119
DvdM_274-10a,"Della Faille, Marten",1,Antwerp,Delft,1585,15850509,NA,Dutch,RGP-120. No listed destination.
DvdM_593a-079,"Meulen, Andries van der",1,Antwerp,Delft,1585,15850509,NA,Dutch,RGP-121
DvdM_593a-080,"Meulen, Andries van der",1,Antwerp,Delft,1585,15850511,NA,Dutch,RGP-122
DvdM_538a-012,"Della Faille, Jacques",1,Haarlem,Delft,1585,15850512,NA,Dutch,RGP-123
DvdM_593a-081,"Meulen, Andries van der",1,Antwerp,Delft,1585,15850517,NA,Dutch,RGP-124
DvdM_538a-013,"Della Faille, Jacques",1,Haarlem,Delft,1585,15850520,NA,Dutch,RGP-125. Letter addressed to Hester.
DvdM_538a-014,"Della Faille, Jacques",1,Haarlem,Delft,1585,15850528,NA,Dutch,RGP-127
DvdM_274-10b,"Della Faille, Marten",1,Antwerp,Delft,1585,15850528,NA,Dutch,RGP-126. No listed destination.
DvdM_593a-082,"Meulen, Andries van der",1,Antwerp,Delft,1585,15850528,NA,Dutch,RGP-128
DvdM_593a-083,"Meulen, Andries van der",1,Antwerp,Delft,1585,15850528,NA,Dutch,RGP-129
DvdM_593a-084,"Meulen, Andries van der",1,Antwerp,Delft,1585,15850530,NA,Dutch,RGP-130
DvdM_593a-085,"Meulen, Andries van der",1,Antwerp,Delft,1585,15850601,NA,Dutch,RGP-131
DvdM_593a-086,"Meulen, Andries van der",1,Antwerp,Delft,1585,15850604,NA,Dutch,RGP-133
DvdM_538a-015,"Della Faille, Jacques",1,Haarlem,Middelburg,1585,15850611,NA,Dutch,RGP-134
DvdM_239-45,Staten van Brabant,1,Antwerp,The Hague,1585,15850613,NA,Dutch,"RGP-135. No listed address, but the States General was in The Hague"
DvdM_593a-087,"Meulen, Andries van der",1,Antwerp,Delft,1585,15850614,NA,Dutch,RGP-136. Written on 13–14 June
DvdM_538a-016,"Della Faille, Jacques",1,Haarlem,NA,1585,15850617,NA,Dutch,RGP-137. 
DvdM_218-020,Burgemeesters of Antwerp,1,Antwerp,The Hague,1585,15850619,NA,Dutch,"RGP-138. No listed destination, but the States General was in The Hague"
DvdM_593a-088,"Meulen, Andries van der",1,Antwerp,Delft,1585,15850620,NA,Dutch,RGP-139
DvdM_157-02a,"Wale, Jan de",1,Venice,Haarlem,1585,15850623,NA,Dutch,RGP-140. No listed destination. Letter is a copy. Deals with the rekening of the wool sold in Venice.
DvdM_593a-089,"Meulen, Andries van der",1,Antwerp,Delft,1585,15850629,NA,Dutch,RGP-141
DvdM_593a-090,"Meulen, Andries van der",1,Antwerp,Delft,1585,15850705,NA,Dutch,RGP-143. Sent on 10 July along with a letter from 9 July (nr 144)
DvdM_593a-091,"Meulen, Andries van der",1,Antwerp,Delft,1585,15850709,NA,Dutch,RGP-144
DvdM_593a-092,"Meulen, Andries van der",1,Antwerp,Delft,1585,15850712,NA,Dutch,RGP-146
DvdM_593a-093,"Meulen, Andries van der",1,Antwerp,Delft,1585,15850713,NA,Dutch,RGP-147
DvdM_593a-094,"Meulen, Andries van der",1,Antwerp,Delft,1585,15850719,NA,Dutch,RGP-148
DvdM_593a-095,"Meulen, Andries van der",1,Antwerp,Delft,1585,15850725,NA,Dutch,RGP-149
DvdM_593a-096,"Meulen, Andries van der",1,Antwerp,Delft,1585,15850727,NA,Dutch,RGP-150
DvdM_538a-018,"Della Faille, Jacques",1,Lisse,Delft,1585,15850729,NA,Dutch,RGP-151. Lisse is a town between Haarlem and Leiden
DvdM_593a-097a,"Meulen, Andries van der",1,Antwerp,Delft,1585,15850731,NA,Dutch,RGP-152. This letter was sent on 1 August after being added to with text of nr 153.
DvdM_593a-097b,"Meulen, Andries van der",1,Antwerp,Delft,1585,15850801,NA,Dutch,RGP-152a
DvdM_538a-019,"Della Faille, Jacques",1,Haarlem,Delft,1585,15850802,NA,Dutch,RGP-153
DvdM_538a-020,"Della Faille, Jacques",1,Haarlem,Delft,1585,15850806,NA,Dutch,RGP-155
DvdM_674-01,"Calvart, Jacques",1,Haarlem,Delft,1585,15850806,NA,French,RGP-154. This is 674-1 and 239-48.
DvdM_538a-022,"Della Faille, Jacques",1,Haarlem,Delft,1585,15850807,NA,Dutch,RGP-156
DvdM_593a-098,"Meulen, Andries van der",1,Antwerp,Delft,1585,15850808,NA,Dutch,RGP-158
DvdM_538a-023,"Della Faille, Jacques",1,Haarlem,Delft,1585,15850809,NA,Dutch,RGP-159
DvdM_538a-024,"Della Faille, Jacques",1,Haarlem,Delft,1585,15850812,NA,Dutch,RGP-161. Letter addressed to Hester or Daniel.
DvdM_593a-099,"Meulen, Andries van der",1,Antwerp,Delft,1585,15850812,NA,Dutch,RGP-160
DvdM_593a-100,"Meulen, Andries van der",1,Antwerp,Delft,1585,15850816,NA,Dutch,RGP-163
DvdM_538a-025,"Della Faille, Jacques",1,Haarlem,Delft,1585,15850818,NA,Dutch,RGP-164. Date is approximate.
DvdM_538a-027,"Della Faille, Jacques",1,Haarlem,Delft,1585,15850822,NA,Dutch,RGP-165
DvdM_593a-101,"Meulen, Andries van der",1,Antwerp,Delft,1585,15850822,NA,Dutch,RGP-166
DvdM_157-02b,"Wale, Jan de",1,Venice,Haarlem,1585,15850830,NA,Dutch,RGP-167. No listed destination. Letter is a copy. Deals with the rekening of the wool sold in Venice.
DvdM_538a-029,"Della Faille, Jacques",1,Haarlem,Delft,1585,15850902,NA,Dutch,RGP-169. No listed destination.
DvdM_538a-030,"Della Faille, Jacques",1,Haarlem,Delft,1585,15850903,NA,Dutch,RGP-170
DvdM_558-004,"Janssen van der Meulen, Peeter",1,Antwerp,Delft,1585,15850904,NA,Dutch,RGP-171. No listed destination.
DvdM_538a-031,"Della Faille, Jacques",1,Haarlem,Delft,1585,15850906,NA,Dutch,RGP-172
DvdM_558-005,"Janssen van der Meulen, Peeter",1,Antwerp,Delft,1585,15850906,NA,Dutch,RGP-LXV. Addressed to Andries
DvdM_538a-033,"Della Faille, Jacques",1,Haarlem,Delft,1585,15850907,NA,Dutch,RGP-174
DvdM_538a-034,"Della Faille, Jacques",1,Haarlem,Delft,1585,15850908,NA,Dutch,RGP-175
DvdM_538a-036,"Della Faille, Jacques",1,Haarlem,Delft,1585,15850910,NA,Dutch,RGP-177
DvdM_538a-037,"Della Faille, Jacques",1,Haarlem,Delft,1585,15850914,NA,Dutch,RGP-178
DvdM_274-11,"Della Faille, Marten",1,Antwerp,Delft,1585,15850916,NA,Dutch,RGP-179
DvdM_274-12,"Della Faille, Marten",1,Antwerp,Delft,1585,15850917,NA,Dutch,RGP-180
DvdM_538a-039,"Della Faille, Jacques",1,Het Vlie,Bremen,1585,15851021,NA,Dutch,Jacques was on his way to Hamburg. For geolocation I could use Oost-Vlie.
DvdM_538a-040,"Della Faille, Jacques",1,Hamburg,Bremen,1585,15851030,NA,Dutch,"Did not change date, because it is not listed as old style."
DvdM_538a-041,"Della Faille, Jacques",1,Emden,Bremen,1585,15851130,NA,Dutch,Changed date to new style. No destination specified in letter.
DvdM_538a-042,"Noirot, Jacques",1,Haarlem,Bremen,1585,15851216,NA,Dutch,Letter from Jacques Noirot in service to Jacques della Faille
DvdM_538a-043,"Noirot, Jacques",1,Amsterdam,Bremen,1585,15851220,NA,Dutch,Letter from Jacques Noirot in service to Jacques della Faille
DvdM_538a-044,"Della Faille, Jacques",1,Haarlem,Bremen,1585,15851227,NA,Dutch,
DvdM_274-13,"Della Faille, Marten",1,Antwerp,Bremen,1586,15860105,15860126,Dutch,
DvdM_538a-045/46,"Della Faille, Jacques",1,Haarlem,Bremen,1586,15860118,NA,Dutch,
DvdM_538a-047,"Della Faille, Jacques",1,Haarlem,Bremen,1586,15860213,NA,Dutch,"Addressed to Hester and sent with 538-48, which was a letter from Josina to Hester. Did not include second letter."
DvdM_593a-102,"Meulen, Andries van der",1,Bremen,Brunswick,1586,15860214,NA,Dutch,
DvdM_538a-049,"Della Faille, Jacques",1,Haarlem,Bremen,1586,15860416,NA,Dutch,
DvdM_593a-103,"Meulen, Andries van der",1,Bremen,Haarlem,1586,15860522,NA,Dutch,
DvdM_538a-050,"Della Faille, Jacques",1,Haarlem,Middelburg,1586,15860530,NA,Dutch,
DvdM_593a-104,"Meulen, Andries van der",1,Bremen,Middelburg,1586,15860531,NA,Dutch,
DvdM_538a-051,"Della Faille, Jacques",1,The Hague,Delft,1586,15860601,NA,Dutch,Delft (house of Jacob Schot or to Middelburg
DvdM_538a-052,"Della Faille, Jacques",1,The Hague,Delft,1586,15860601,NA,Dutch,Sent along with 538a-51
DvdM_538a-053,"Della Faille, Jacques",1,Haarlem,Utrecht,1586,15860601,NA,Dutch,No exact date.
DvdM_593a-105,"Meulen, Andries van der",1,Bremen,Middelburg,1586,15860604,NA,Dutch,
DvdM_593a-107,"Meulen, Andries van der",1,Bremen,London,1586,15860612,NA,Dutch,
DvdM_593a-108,"Meulen, Andries van der",1,Bremen,London,1586,15860617,NA,Dutch,
DvdM_593a-109,"Meulen, Andries van der",1,Bremen,London,1586,15860625,NA,Dutch,
DvdM_593a-110,"Meulen, Andries van der",1,Bremen,London,1586,15860710,NA,Dutch,
DvdM_593a-111,"Meulen, Andries van der",1,Bremen,London,1586,15860719,15860826,Dutch,
DvdM_593a-112,"Meulen, Andries van der",1,Bremen,London,1586,15860722,NA,Dutch,
DvdM_593a-113,"Meulen, Andries van der",1,Bremen,London,1586,15860725,NA,Dutch,"Addressed to Haarlem, but Daniel was still in London."
DvdM_593a-115/116,"Meulen, Andries van der",1,Bremen,London,1586,15860726,NA,Dutch,"Addressed to Middelburg, but Daniel was still in London."
DvdM_593a-114,"Meulen, Andries van der",1,Bremen,London,1586,15860729,NA,Dutch,"Addressed to Middelburg, but Daniel was still in London."
DvdM_274-14,"Della Faille, Marten",1,Antwerp,London,1586,15860821,15860830,Dutch,
DvdM_593a-117,"Meulen, Andries van der",1,Bremen,London,1586,15860826,NA,Dutch,
DvdM_274-15,"Della Faille, Marten",1,Antwerp,London,1586,15860912,NA,Dutch,
DvdM_593a-118/119,"Meulen, Andries van der",1,Bremen,London,1586,15860915,NA,Dutch,
DvdM_274-16,"Della Faille, Marten",1,Antwerp,London,1586,15860928,NA,Dutch,
DvdM_593a-119a,"Meulen, Andries van der",1,Bremen,NA,1586,15861011,NA,Dutch,Partial letters 1–12
DvdM_593a-119b,"Meulen, Andries van der",1,Bremen,NA,1586,15861031,NA,Dutch,Partial letters pages 13–25
DvdM_593a-119c,"Meulen, Andries van der",1,Bremen,NA,1586,15861104,NA,Dutch,Partial letters pages 26–29
DvdM_538a-054,"Della Faille, Jacques",1,London,Bremen,1586,15861106,NA,Dutch,Jacques to Hester
DvdM_538a-055–57,"Della Faille, Jacques",1,London,Bremen,1586,15861209,NA,Dutch,Written between 16 November 1586 and 9 December 1586.
DvdM_538a-058,"Della Faille, Jacques",1,London,Bremen,1586,15861217,NA,Dutch,
DvdM_538a-059,"Hamels, Josina",1,Haarlem,Bremen,1587,15870102,NA,Dutch,Copy of letter Jacques sent to Josina on 17 December. Same date as 538a-58
DvdM_538a-060/61,"Della Faille, Jacques",1,London,Bremen,1587,15870128,NA,Dutch,
DvdM_538a-062,"Hamels, Josina",1,Haarlem,Bremen,1587,15870213,NA,Dutch,
DvdM_538a-063,"Della Faille, Jacques",1,London,Bremen,1587,15870306,NA,Dutch,
DvdM_60-12,"Della Faille, Jacques",1,Haarlem,Bremen,1587,15870412,NA,Dutch,
DvdM_270-01/02,"Della Faille, Jan",1,Leiden,Bremen,1587,15870503,NA,Dutch,
DvdM_606-01,"Eeckeren, Hester van",1,Dordrecht,Bremen,1587,15870617,NA,Dutch,
DvdM_262-01,"Eeckeren, Robert van",1,Antwerp,Bremen,1587,15870620,NA,Dutch,
DvdM_538a-064–68,"Della Faille, Jacques",1,Haarlem,Bremen,1587,15870709,15870719,Dutch,Written 29 June - 9 July
DvdM_274-18,"Della Faille, Marten",1,Antwerp,Bremen,1587,15870726,NA,Dutch,Same day Marten also sent a letter to Hester 274-17
DvdM_538a-069,"Della Faille, Jacques",1,Haarlem,Bremen,1587,15870901,15870915,Dutch,Changed received date to new style
DvdM_536-01,"Eeckeren, Robert van",1,Antwerp,Bremen,1587,15870906,NA,Dutch,
DvdM_325-01,"Borne, Jan",1,Antwerp,Bremen,1587,15871003,15871101,Dutch,
DvdM_538a-071–73,"Della Faille, Jacques",1,Haarlem,Bremen,1587,15871004,NA,Dutch,Written 1 to 4 October.
DvdM_536-02,"Eeckeren, Robert van",1,Antwerp,Bremen,1587,15871130,15880128,Dutch,
DvdM_538a-074/75,"Della Faille, Jacques",1,Haarlem,Bremen,1587,15871218,15880113,Dutch,538a-70 was sent along with this letter.
DvdM_538a-077–83,"Della Faille, Jacques",1,Haarlem,Bremen,1588,15880208,15880229,Dutch,Written on 7–8 February
DvdM_262-02,"Eeckeren, Robert van",1,Antwerp,Bremen,1588,15880309,NA,Dutch,
DvdM_513,"Achelen, Aelken van",1,Haarlem,Bremen,1588,15880401,NA,Dutch,
DvdM_606-02,"Eeckeren, Hester van",1,Dordrecht,Bremen,1588,15880401,NA,,
DvdM_538a-087/88,"Della Faille, Jacques",1,Haarlem,Bremen,1588,15880406,NA,Dutch,Josina wrote a letter to Hester on the same day 538a-86
DvdM_607-001,"Noirot, Melchior",1,Frankfurt,Bremen,1588,15880409,NA,Dutch,St 1: 30 March 1588
DvdM_538a-089,"Della Faille, Jacques",1,Haarlem,Bremen,1588,15880417,NA,Dutch,
DvdM_538a-090/91,"Della Faille, Jacques",1,Haarlem,Bremen,1588,15880508,NA,Dutch,
DvdM_538a-095/96,"Della Faille, Jacques",1,Haarlem,Bremen,1588,15880611,NA,Dutch,Written on 10 and 11 June
DvdM_536-03,"Eeckeren, Robert van",1,Antwerp,Bremen,1588,15880629,NA,Dutch,
DvdM_536-04,"Eeckeren, Robert van",1,Antwerp,Bremen,1588,15880701,NA,Dutch,Date is approximate. No clear date other than July 1588.
DvdM_538a-098/99,"Della Faille, Jacques",1,Haarlem,Bremen,1588,15880704,NA,Dutch,
DvdM_538a-100,"Della Faille, Jacques",1,Haarlem,Bremen,1588,15880709,NA,Dutch,
DvdM_538a-097,"Della Faille, Jacques",1,Haarlem,Bremen,1588,15880715,NA,Dutch,Date is approximate. Written after 9 July 1588.
DvdM_480-1,"Sixtinus, R.",1,Marburg,Bremen,1588,15880716,NA,Latin,
DvdM_536-05,"Eeckeren, Robert van",1,Antwerp,Bremen,1588,15880727,NA,Dutch,
DvdM_480-2,"Sixtinus, R.",1,Marburg,Bremen,1588,15880727,NA,Latin,
DvdM_274-19,"Della Faille, Marten",1,Antwerp,Bremen,1588,15880803,NA,Dutch,
DvdM_536-06,"Eeckeren, Robert van",1,Antwerp,Bremen,1588,15880803,NA,Dutch,
DvdM_274-20,"Della Faille, Marten",1,Antwerp,Bremen,1588,15880810,NA,Dutch,
DvdM_536-07,"Eeckeren, Robert van",1,Antwerp,Bremen,1588,15880824,NA,Dutch,
DvdM_274-21,"Della Faille, Marten",1,Antwerp,Bremen,1588,15880827,NA,Dutch,
DvdM_606-03,"Eeckeren, Hester van",1,Dordrecht,Bremen,1588,15880906,NA,Dutch,
DvdM_295-03,"Meulen, Sara van der",1,Cologne,Bremen,1588,15880915,NA,Dutch,
DvdM_553-02,"Hoest, Mattheus de",1,Antwerp,Middelburg,1588,15881102,NA,Dutch,
DvdM_538a-101/102,"Della Faille, Jacques",1,Haarlem,Bremen,1588,15881107,NA,Dutch,
DvdM_621-10,"Schot de Oude, Jacques",1,Delft,Bremen,1589,15890212,NA,Dutch,
DvdM_536-08,"Eeckeren, Robert van",1,Antwerp,Bremen,1589,15890315,NA,Dutch,
DvdM_538a-103/104,"Della Faille, Jacques",1,Haarlem,Bremen,1589,15890414,NA,Dutch,
DvdM_658-01,"Beke, Jan van der",1,Vlissingen,Bremen,1589,15890416,NA,,
DvdM_660-001,"Bongars, Jacques",1,Frankfurt,Bremen,1589,15890417,NA,,
DvdM_589-01,"Mandernach, Nicolas",1,Dordrecht,Bremen,1589,15890426,15890515,,
DvdM_358-01,"Grabius, Joseph",1,NA,NA,1589,15890428,NA,Latin,
DvdM_358-03,"Grabius, Joseph",1,NA,NA,1589,15890503,NA,Latin,
DvdM_325-02,"Borne, Jan",1,Antwerp,Bremen,1589,15890503,NA,Dutch,
DvdM_424-01,"Maerschalck, Francois de",1,Delft,Bremen,1589,15890511,NA,,
DvdM_660-003,"Bongars, Jacques",1,Frankfurt,Bremen,1589,15890514,NA,Latin,
DvdM_660-002,"Bongars, Jacques",1,Frankfurt,Bremen,1589,15890514,NA,,
DvdM_325-03,"Borne, Jan",1,Antwerp,Bremen,1589,15890524,NA,Dutch,
DvdM_325-04,"Borne, Jan",1,Antwerp,Bremen,1589,15890607,NA,Dutch,Includes a copy of previous letter 325-3.
DvdM_274-22,"Della Faille, Marten",1,Antwerp,Bremen,1589,15890614,15890621,Dutch,
DvdM_558-006,"Janssen van der Meulen, Peeter",1,Stade,Bremen,1589,15890618,15890619,Dutch,
DvdM_657-02,"Banos, Theophile de",1,Frankfurt,Bremen,1589,15890619,15890625,French,Changed both dates to new style
DvdM_432-01,"Meganck, Louis",1,Delft,Bremen,1589,15890628,NA,French,
DvdM_558-007,"Janssen van der Meulen, Peeter",1,Stade,Bremen,1589,15890806,NA,,
DvdM_274-23,"Della Faille, Marten",1,Antwerp,Bremen,1589,15890816,15890827,Dutch,
DvdM_649-01,"Wolf, Jan de",1,Haarlem,Bremen,1589,15890817,NA,,
DvdM_538a-105/106,"Della Faille, Jacques",1,Haarlem,Bremen,1589,15890828,NA,Dutch,
DvdM_538a-107,"Della Faille, Jacques",1,Haarlem,Bremen,1589,15890902,NA,Dutch,
DvdM_538a-108/109,"Della Faille, Jacques",1,Haarlem,Bremen,1589,15890904,15891017,Dutch,Changed received date to new style
DvdM_538a-110,"Della Faille, Jacques",1,Haarlem,Bremen,1589,15890910,15890923,Dutch,Changed received date to new style
DvdM_538a-111/112,"Della Faille, Jacques",1,Haarlem,Bremen,1589,15890923,15891102,Dutch,
DvdM_536-09,"Eeckeren, Robert van",1,Antwerp,Bremen,1589,15890927,15891007,Dutch,
DvdM_536-10,"Eeckeren, Robert van",1,Antwerp,Bremen,1589,15891004,15891015,Dutch,
DvdM_538a-113,"Della Faille, Jacques",1,Haarlem,Bremen,1589,15891019,15891025,Dutch,
DvdM_274-24,"Della Faille, Marten",1,Antwerp,Bremen,1589,15891020,NA,Dutch,"Letter is not in Marten's handwriting, but it is from Marten."
DvdM_536-11,"Eeckeren, Robert van",1,Antwerp,Bremen,1589,15891025,15891105,Dutch,
DvdM_274-25,"Della Faille, Marten",1,Antwerp,Bremen,1589,15891031,15891112,Dutch,
DvdM_538a-114,"Della Faille, Jacques",1,Amsterdam,Bremen,1589,15891101,NA,Dutch,
DvdM_538a-115,"Della Faille, Jacques",1,Haarlem,Bremen,1589,15891114,15891204,Dutch,
DvdM_538a-116,"Della Faille, Jacques",1,Haarlem,Bremen,1589,15891114,NA,Dutch,
DvdM_538a-120,"Della Faille, Jacques",1,Amsterdam,Bremen,1589,15891114,NA,Dutch,
DvdM_538a-117,"Della Faille, Jacques",1,Haarlem,Bremen,1589,15891121,NA,Dutch,
DvdM_536-12,"Eeckeren, Robert van",1,Antwerp,Bremen,1589,15891122,NA,Dutch,
DvdM_538a-118/119,"Della Faille, Jacques",1,Haarlem,Bremen,1589,15891212,15891223,Dutch,
DvdM_538a-121,"Della Faille, Jacques",1,Haarlem,Bremen,1589,15891217,15900105,Dutch,
DvdM_536-13,"Eeckeren, Robert van",1,Antwerp,Bremen,1589,15891220,NA,Dutch,
DvdM_274-26,"Della Faille, Marten",1,Antwerp,Bremen,1589,15891229,15900106,Dutch,
DvdM_274-27,"Della Faille, Marten",1,Antwerp,Bremen,1590,15900103,15900116,Dutch,
DvdM_538a-122,"Della Faille, Jacques",1,Haarlem,Bremen,1590,15900114,15900205,Dutch,
DvdM_454-01,Pittavin,1,Caen,Bremen,1590,15900115,NA,,
DvdM_538a-125,"Della Faille, Jacques",1,Haarlem,Bremen,1590,15900116,15900205,Dutch,
DvdM_536-14,"Eeckeren, Robert van",1,Antwerp,Bremen,1590,15900117,15900129,Dutch,
DvdM_606-04,"Eeckeren, Hester van",1,Haarlem,Bremen,1590,15900128,NA,Dutch,
DvdM_538a-123/124,"Della Faille, Jacques",1,Haarlem,Bremen,1590,15900205,15900217,Dutch,Changed received date to new style
DvdM_536-15,"Eeckeren, Robert van",1,Antwerp,Bremen,1590,15900207,NA,Dutch,
DvdM_538a-126/127,"Della Faille, Jacques",1,Haarlem,Bremen,1590,15900220,15900301,Dutch,
DvdM_274-28,"Della Faille, Marten",1,Antwerp,Bremen,1590,15900221,15900304,Dutch,
DvdM_536-16,"Eeckeren, Robert van",1,Antwerp,Bremen,1590,15900221,15900304,Dutch,
DvdM_538a-128,"Della Faille, Jacques",1,Haarlem,Bremen,1590,15900308,15900319,Dutch,
DvdM_538a-129,"Della Faille, Jacques",1,Haarlem,Bremen,1590,15900309,NA,Dutch,
DvdM_536-17,"Eeckeren, Robert van",1,Antwerp,Bremen,1590,15900321,15900331,Dutch,
DvdM_274-29,"Della Faille, Marten",1,Antwerp,Frankfurt,1590,15900404,15900416,Dutch,
DvdM_538a-130,"Della Faille, Jacques",1,Haarlem,Frankfurt,1590,15900406,NA,Dutch,
DvdM_536-18,"Eeckeren, Robert van",1,Antwerp,Bremen,1590,15900411,15900428,Dutch,
DvdM_538a-131,"Della Faille, Jacques",1,Haarlem,Bremen,1590,15900418,15900427,Dutch,Sent to Andries
DvdM_538a-132/133,"Della Faille, Jacques",1,Haarlem,Bremen,1590,15900420,NA,Dutch,
DvdM_536-19,"Eeckeren, Robert van",1,Antwerp,Frankfurt,1590,15900425,NA,Dutch,
DvdM_274-30,"Della Faille, Marten",1,Antwerp,Frankfurt,1590,15900428,15900508,Dutch,
DvdM_536-20,"Eeckeren, Robert van",1,Antwerp,Frankfurt,1590,15900430,15900513,Dutch,
DvdM_448,"Pampius, Albertus",1,Helmstedt Brunswick,Bremen,1590,15900618,NA,Latin,
DvdM_649-02,"Wolf, Jan de",1,Haarlem,Bremen,1590,15900626,NA,,
DvdM_536-21,"Eeckeren, Robert van",1,Antwerp,Bremen,1590,15900627,NA,Dutch,
DvdM_538a-134,"Della Faille, Jacques",1,Haarlem,Bremen,1590,15900703,NA,Dutch,
DvdM_538a-135,"Della Faille, Jacques",1,Haarlem,Bremen,1590,15900724,15900729,Dutch,
DvdM_311,"d’Audenfort, Gomar",1,Amsterdam,Bremen,1590,15900725,NA,French,
DvdM_274-31,"Della Faille, Marten",1,Antwerp,Bremen,1590,15900801,15900812,Dutch,
DvdM_468-01,"Reide, Everhard de",1,The Hague,Bremen,1590,15900806,NA,Latin,
DvdM_538a-136/137,"Della Faille, Jacques",1,Haarlem,Bremen,1590,15900807,15900812,Dutch,
DvdM_504,"Warck, Reynerus van de ",1,Marburg,Frankfurt,1590,15900811,NA,Latin,
DvdM_538a-138,"Della Faille, Jacques",1,Haarlem,Bremen,1590,15900814,15900819,Dutch,
DvdM_524-01,"Berrewijns, Hans",1,Hamburg,Bremen,1590,15900816,15900822,Dutch,
DvdM_538a-139,"Della Faille, Jacques",1,Haarlem,Bremen,1590,15900821,15900827,Dutch,
DvdM_274-32,"Della Faille, Marten",1,Antwerp,Bremen,1590,15900822,15900901,Dutch,
DvdM_567,"Kindt, P.A.",1,Frankfurt,Bremen,1590,15900824,NA,,
DvdM_536-22,"Eeckeren, Robert van",1,Antwerp,Bremen,1590,15900825,NA,Dutch,
DvdM_538a-140,"Della Faille, Jacques",1,Haarlem,Bremen,1590,15900828,15900902,Dutch,
DvdM_628-01,"Stiger, Hans de",1,Nuremberg,Bremen,1590,15900828,NA,,
DvdM_538a-141/142,"Della Faille, Jacques",1,Haarlem,Bremen,1590,15900911,15900925,Dutch,
DvdM_538a-143,"Della Faille, Jacques",1,Haarlem,Bremen,1590,15900918,15900925,Dutch,
DvdM_536-23,"Eeckeren, Robert van",1,Antwerp,Frankfurt,1590,15900923,NA,Dutch,
DvdM_649-03,"Wolf, Jan de",1,Haarlem,Bremen,1590,15900924,15901007,,
DvdM_684-01,Unknown correspondents,1,Dieppe,NA,1590,15901001,NA,,
DvdM_535-001,"Eeckeren, Francisco van",1,Venice,Bremen,1590,15901005,15901021,Dutch,Sent to Andries and Daniel in Bremen. Changed received date to new style.
DvdM_658-02–4,"Beke, Jan van der",1,Vlissingen,Bremen,1590,15901006,NA,,
DvdM_536-24,"Eeckeren, Robert van",1,Antwerp,Bremen,1590,15901017,NA,Dutch,
DvdM_612,"Perger, Marttin Enrus",1,Hamburg,Bremen,1590,15901023,NA,,Not sure on the month that the letter was sent.
DvdM_313,"Bastingius, Jeremias",1,Dordrecht,Bremen,1590,15901210,NA,Latin,
DvdM_558-008,"Janssen van der Meulen, Peeter",1,Lille,Vlissingen,1589,15901216,NA,Dutch,In the fleet to Lille.
DvdM_519-01,"Bellasi, Agostino",1,London,Antwerp,1591,15910207,NA,,
DvdM_553-03,"Hoest, Mattheus de",1,Leiden,Antwerp,1591,15910212,NA,Dutch,
DvdM_558-009,"Janssen van der Meulen, Peeter",1,Middelburg,Antwerp,1591,15910213,NA,Dutch,St 9-10: 13 February 1591 and 25 February 1591
DvdM_569-01,"Klamp, Johann",1,Bremen,Antwerp,1591,15910216,NA,,Changed date to new style
DvdM_677-01,"Montens, Godevart",1,Bremen,Antwerp,1591,15910219,NA,,St 1: Sent to Antwerp on 19 February 1591
DvdM_558-010,"Janssen van der Meulen, Peeter",1,Middelburg,Antwerp,1591,15910225,NA,Dutch,
DvdM_656,"Backer, Andre",1,Halberstadt,Bremen,1591,15910317,NA,French,
DvdM_296-01,"Pierens, Anna",1,Stade,Bremen,1591,15910411,NA,,
DvdM_519-02,"Matzo, Cesaro",1,Leiden,Antwerp,1591,15910416,NA,,
DvdM_324,"Bormania, Rinaldo de",1,Naples,Bremen,1591,15910525,NA,,
DvdM_530-01,"Boots, Hans",1,Wesel,Bremen,1591,15910721,NA,Dutch,Changed date to new style
DvdM_558-011,"Janssen van der Meulen, Peeter",1,Newbury,Bremen,1591,15910816,NA,Dutch,Changed date to new style
DvdM_538a-144,"Della Faille, Jacques",1,Haarlem,Bremen,1591,15910820,15910825,Dutch,
DvdM_660-004,"Bongars, Jacques",1,Frankfurt,Bremen,1591,15910823,15910828,,
DvdM_519-03,"Bellasi, Agostino",1,Verona,Bremen,1591,15910830,15910930,,Sent to Andries and Daniel
DvdM_638-001,"Vogele, Joos de",1,Haarlem,Bremen,1591,15910831,NA,,
DvdM_579-05,"Lempereur, Antonio",1,Amsterdam,Bremen,1591,15910903,NA,,St 5: Sent to Bremen on 3 September 1591 to Daniel and Andries
DvdM_536-25,"Eeckeren, Robert van",1,Antwerp,Bremen,1591,15910904,15910915,Dutch,
DvdM_586-01,"Maillet, Pierre",1,Middelburg,Bremen,1591,15910906,15910928,French,Changed received date to new style
DvdM_660-005,"Bongars, Jacques",1,Frankfurt,Bremen,1591,15910906,NA,,
DvdM_536-26,"Eeckeren, Robert van",1,Antwerp,Bremen,1591,15910911,NA,Dutch,
DvdM_519-04,"Bellasi, Agostino",1,Verona,Bremen,1591,15910911,15910930,,Sent to Andries and Daniel
DvdM_658-05,"Beke, Jan van der",1,Vlissingen,Bremen,1591,15910912,NA,,
DvdM_660-006,"Bongars, Jacques",1,Frankfurt,Bremen,1591,15910913,15910920,,
DvdM_535-003,"Eeckeren, Francisco van",1,Venice,Bremen,1591,15910914,15910930,,Sent to Andries and Daniel in Bremen. Changed received date to new style.
DvdM_538a-145,"Della Faille, Jacques",1,Haarlem,Bremen,1591,15910915,NA,Dutch,
DvdM_558-012,"Janssen van der Meulen, Peeter",1,Newbury,Bremen,1591,15910917,15911026,Dutch,Changed both dates to new style
DvdM_586-02,"Maillet, Pierre",1,Middelburg,Bremen,1591,15910917,15910928,,Changed received date to new style
DvdM_660-007,"Bongars, Jacques",1,Frankfurt,Bremen,1591,15910918,15910923,,
DvdM_553-04,"Hoest, Mattheus de",1,Leiden,Bremen,1591,15910920,NA,Dutch,
DvdM_677-02,"Montens, Godevart",1,Leiden,Bremen,1591,15910922,NA,,St 2: 22 September 1591. Sent to Bremen
DvdM_538a-146,"Della Faille, Jacques",1,Haarlem,Bremen,1591,15910924,NA,Dutch,
DvdM_535-004/5,"Eeckeren, Francisco van",1,Venice,Bremen,1591,15910927,15911014,,Sent to Andries and Daniel in Bremen. Changed received date to new style.
DvdM_602-01,"Neste, Antonio van",1,Venice,Bremen,1591,15910927,15911014,,Sent to Andries and Daniel in Bremen. Changed received date to new style.
DvdM_598-01,"Minau, Balthasar",1,Vicenza,Bremen,1591,15911001,NA,,No exact date
DvdM_536-27,"Eeckeren, Robert van",1,Antwerp,Bremen,1591,15911002,NA,Dutch,Letter actually received in Leiden
DvdM_657-03,"Banos, Theophile de",1,Frankfurt,Bremen,1591,15911003,15911024,French,Changed both dates to new style
DvdM_454-02,Pittavin,1,Caen,Bremen,1591,15911003,NA,,
DvdM_535-006,"Eeckeren, Francisco van",1,Venice,Bremen,1591,15911004,15911021,,Sent to Andries and Daniel in Bremen. Changed received date to new style.
DvdM_536-28,"Eeckeren, Robert van",1,Antwerp,Bremen,1591,15911009,NA,Dutch,Letter actually received in Leiden
DvdM_519-05,"Bellasi, Agostino",1,Verona,Bremen,1591,15911009,NA,,"Received in Leiden, Sent to Andries and Daniel"
DvdM_553-05,"Hoest, Mattheus de",1,Leiden,Leiden,1591,15911010,NA,,
DvdM_538a-147,"Della Faille, Jacques",1,Haarlem,Leiden,1591,15911012,NA,Dutch,
DvdM_519-06,"Bellasi, Agostino",1,Verona,Bremen,1591,15911016,15911104,,Sent to Andries and Daniel
DvdM_519-07,"Bellasi, Agostino",1,Verona,Bremen,1591,15911018,15911119,,Sent to Andries and Daniel
DvdM_535-007,"Eeckeren, Francisco van",1,Venice,Bremen,1591,15911018,15911104,,Sent to Andries and Daniel in Bremen. Changed received date to new style.
DvdM_558-013,"Janssen van der Meulen, Peeter",1,Newbury,Bremen,1591,15911019,15911118,Dutch,Changed both dates to new style
DvdM_538a-149,"Della Faille, Jacques",1,Haarlem,Leiden,1591,15911020,15911021,Dutch,
DvdM_519-08,"Bellasi, Agostino",1,Verona,Bremen,1591,15911023,15911126,,
DvdM_598-02,"Minau, Balthasar",1,Vicenza,Bremen,1591,15911023,15911109,,"Did not change received date, because it probably went to Leiden"
DvdM_535-008,"Eeckeren, Francisco van",1,Venice,Bremen,1591,15911025,15911111,,
DvdM_536-29,"Eeckeren, Robert van",1,Antwerp,Bremen,1591,15911026,NA,Dutch,
DvdM_538a-150,"Della Faille, Jacques",1,Haarlem,Amsterdam,1591,15911028,15911028,Dutch,
DvdM_538a-151,"Della Faille, Jacques",1,Haarlem,Amsterdam,1591,15911030,15911031,Dutch,
DvdM_598-03,"Minau, Balthasar",1,Vicenza,Bremen,1591,15911031,15911119,,"Did not change received date, because it probably went to Leiden"
DvdM_602-02,"Neste, Antonio van",1,Venice,Bremen,1591,15911101,15911119,,Sent to Andries and Daniel in Bremen. Changed received date to new style.
DvdM_538a-152,"Della Faille, Jacques",1,Haarlem,Leiden,1591,15911102,NA,Dutch,
DvdM_538a-153,"Della Faille, Jacques",1,Haarlem,Leiden,1591,15911105,15911105,Dutch,
DvdM_274-33,"Della Faille, Marten",1,Antwerp,Leiden,1591,15911107,15911118,Dutch,
DvdM_535-009,"Eeckeren, Francisco van",1,Venice,Bremen,1591,15911108,15911126,,
DvdM_538a-155,"Della Faille, Jacques",1,Haarlem,Leiden,1591,15911111,15911112,Dutch,
DvdM_332,"Bukentop, Hendrick",1,The Hague,Leiden,1591,15911112,NA,Dutch,Servant of Jacques della Faille
DvdM_538a-156,"Della Faille, Jacques",1,Haarlem,Leiden,1591,15911113,15911113,Dutch,
DvdM_558-014,"Janssen van der Meulen, Peeter",1,Newbury,Leiden,1591,15911114,NA,,Changed date to new style. Addressed to Bremen but received in Leiden.
DvdM_535-010,"Eeckeren, Francisco van",1,Venice,Bremen,1591,15911115,15911202,,
DvdM_598-04,"Minau, Balthasar",1,Vicenza,Bremen,1591,15911115,15911128,,"Did not change received date, because it probably went to Leiden"
DvdM_538a-157,"Della Faille, Jacques",1,Haarlem,Leiden,1591,15911116,NA,Dutch,
DvdM_468-03,"Reide, Everhard de",1,The Hague,Leiden,1591,15911117,15911123,Latin,
DvdM_535-012,"Eeckeren, Francisco van",1,Venice,Bremen,1591,15911122,15911209,,
DvdM_598-05,"Minau, Balthasar",1,Vicenza,Bremen,1591,15911122,15911212,,"Did not change received date, because it probably went to Leiden"
DvdM_538a-158,"Della Faille, Jacques",1,Haarlem,Leiden,1591,15911129,15911130,Dutch,the letter was mistakenly dated from 30 November by Jacques
DvdM_558-015,"Janssen van der Meulen, Peeter",1,Newbury,Leiden,1591,15911208,NA,Dutch,Changed date to new style. Addressed to Bremen but received in Leiden.
DvdM_274-34,"Della Faille, Marten",1,Antwerp,Leiden,1591,15911210,15911219,Dutch,Full letter in DvdM 325-7 with address page in DvdM 274-34
DvdM_538a-159,"Della Faille, Jacques",1,Haarlem,Leiden,1591,15911216,15911218,Dutch,
DvdM_538a-160,"Della Faille, Jacques",1,Haarlem,Leiden,1591,15911222,15911223,Dutch,
DvdM_558-016,"Janssen van der Meulen, Peeter",1,Newbury,Leiden,1591,15911224,15920105,Dutch,Changed date to new style
DvdM_538a-161,"Della Faille, Jacques",1,Haarlem,Leiden,1591,15911228,15911228,Dutch,
DvdM_538a-162,"Della Faille, Jacques",1,Haarlem,Leiden,1591,15911229,NA,Dutch,
DvdM_538a-163,"Della Faille, Jacques",1,Haarlem,Leiden,1592,15920102,15920102,Dutch,
DvdM_602-03,"Neste, Antonio van",1,Venice,Bremen,1592,15920103,15920205,,Sent to Andries and Daniel in Bremen. Changed received date to new style.
DvdM_593a-120,"Meulen, Andries van der",1,Bremen,Leiden,1592,15920111,15920119,Dutch,
DvdM_538a-166,"Della Faille, Jacques",1,Haarlem,Leiden,1592,15920112,15920113,Dutch,
DvdM_538a-165,"Della Faille, Jacques",1,Haarlem,Leiden,1592,15920115,15920116,Dutch,
DvdM_345-01,"Della Faille, Carlo",1,Dordrecht,Leiden,1592,15920122,15920124,Dutch,
DvdM_538a-167,"Della Faille, Jacques",1,Haarlem,Leiden,1592,15920123,15920123,Dutch,
DvdM_558-017,"Janssen van der Meulen, Peeter",1,Newbury,Leiden,1592,15920203,15920224,Dutch,Changed date to new style
DvdM_345-02/3,"Della Faille, Carlo",1,Dordrecht,Leiden,1592,15920210,15920212,Dutch,
DvdM_538a-168,"Della Faille, Jacques",1,Haarlem,Leiden,1592,15920216,15920216,Dutch,
DvdM_558-018,"Janssen van der Meulen, Peeter",1,Newbury,Leiden,1592,15920219,15920315,Dutch,Changed date to new style
DvdM_538a-169,"Della Faille, Jacques",1,Haarlem,Leiden,1592,15920220,15920223,Dutch,
DvdM_274-35,"Della Faille, Marten",1,Antwerp,Leiden,1592,15920221,15920312,Dutch,
DvdM_680,"Palavicino, Oratie",1,London,Leiden,1592,15920308,15920315,French,
DvdM_538a-170,"Della Faille, Jacques",1,Haarlem,Leiden,1592,15920309,15920311,Dutch,
DvdM_434-01/02,"Meteren, Emanuel van",1,London,Leiden,1592,15920309,NA,Dutch,Written on 2 and 9 March 1592. Sent to Daniel through Guerard Becker in Middelburg.
DvdM_538a-171,"Della Faille, Jacques",1,Haarlem,Leiden,1592,15920311,15920312,Dutch,
DvdM_558-019,"Janssen van der Meulen, Peeter",1,Newbury,Leiden,1592,15920311,15920322,Dutch,Changed date to new style
DvdM_602-04,"Neste, Antonio van",1,Venice,Leiden,1592,15920313,15920320,,
DvdM_602-05,"Neste, Antonio van",1,Venice,Leiden,1592,15920313,15920320,,
DvdM_538a-172,"Della Faille, Jacques",1,Haarlem,Leiden,1592,15920319,15920320,Dutch,
DvdM_538a-173,"Della Faille, Jacques",1,Haarlem,Leiden,1592,15920320,15920322,Dutch,
DvdM_274-36,"Della Faille, Marten",1,Antwerp,Leiden,1592,15920402,NA,Dutch,
DvdM_538a-175,"Della Faille, Jacques",1,The Hague,Leiden,1592,15920412,NA,Dutch,
DvdM_353-01,"Fremin, George de",1,Liege,Leiden,1592,15920412,NA,,
DvdM_558-020,"Janssen van der Meulen, Peeter",1,Newbury,Leiden,1592,15920414,NA,Dutch,Changed date to new style
DvdM_480-3,"Sixtinus, R.",1,Frankfurt,Leiden,1592,15920502,15920510,Latin,
DvdM_538a-176,"Della Faille, Jacques",1,Haarlem,Leiden,1592,15920506,15920507,Dutch,
DvdM_538a-177,"Della Faille, Jacques",1,Haarlem,Leiden,1592,15920510,15920510,Dutch,
DvdM_558-021,"Janssen van der Meulen, Peeter",1,Newbury,Leiden,1592,15920510,15920601,Dutch,Changed date to new style
DvdM_538a-178,"Della Faille, Jacques",1,Haarlem,Leiden,1592,15920515,15920515,Dutch,
DvdM_538a-180,"Della Faille, Jacques",1,Haarlem,Leiden,1592,15920528,15920529,Dutch,
DvdM_439-01,"Moliart, Pieter",1,The Hague,Leiden,1592,15920529,15920529,,
DvdM_296-02,"Pierens, Anna",1,Stade,Leiden,1592,15920529,15920605,,
DvdM_439-02,"Moliart, Pieter",1,The Hague,Leiden,1592,15920531,15920531,,
DvdM_538a-182,"Della Faille, Jacques",1,Haarlem,Leiden,1592,15920603,15920603,Dutch,
DvdM_434-03,"Meteren, Emanuel van",1,London,Leiden,1592,15920603,NA,Dutch,Written on 24 May and 3 June 1592
DvdM_538a-183,"Della Faille, Jacques",1,Haarlem,Leiden,1592,15920618,15920619,Dutch,
DvdM_439-03,"Moliart, Pieter",1,The Hague,Leiden,1592,15920622,15920622,,
DvdM_558-022,"Janssen van der Meulen, Peeter",1,Newbury,Leiden,1592,15920623,15920702,Dutch,Changed date to new style
DvdM_538a-184,"Della Faille, Jacques",1,Haarlem,Leiden,1592,15920627,15920628,Dutch,
DvdM_274-37,"Della Faille, Marten",1,Antwerp,Leiden,1592,15920627,15920709,Dutch,
DvdM_538a-185,"Della Faille, Jacques",1,Haarlem,Leiden,1592,15920702,15920703,Dutch,
DvdM_614-01,"Pierens, Gillis",1,Amsterdam,Leiden,1592,15920702,15920705,Dutch,
DvdM_593a-121,"Meulen, Andries van der",1,Bremen,Leiden,1592,15920704,15920713,Dutch,
DvdM_538a-186,"Della Faille, Jacques",1,Haarlem,Leiden,1592,15920714,15920715,Dutch,
DvdM_538a-181,"Della Faille, Jacques",1,Haarlem,Leiden,1592,15920718,15920720,Dutch,Copy of a letter from Aertsen to Jacques from 1 June 1592 (old style)
DvdM_538a-187,"Della Faille, Jacques",1,Haarlem,Leiden,1592,15920724,15920724,Dutch,
DvdM_593a-122,"Meulen, Andries van der",1,Bremen,Leiden,1592,15920725,15920812,Dutch,
DvdM_538a-188,"Wissele, Hendrick van",1,Haarlem,Leiden,1592,15920727,15920728,Dutch,
DvdM_300,"Seghers, Jacques",1,Zoutkamp,Leiden,1592,15920801,15920815,,One of his sons became a servant of Daniel
DvdM_538a-189,"Della Faille, Jacques",1,Haarlem,Leiden,1592,15920802,15920803,Dutch,
DvdM_558-023,"Janssen van der Meulen, Peeter",1,Newbury,Leiden,1592,15920810,15920925,Dutch,Changed date to new style
DvdM_593a-123,"Meulen, Andries van der",1,Bremen,Leiden,1592,15920821,15920829,Dutch,
DvdM_538a-190,"Monicx, Willem",1,Haarlem,Leiden,1592,15920828,15920829,Dutch,
DvdM_538a-191,"Della Faille, Jacques",1,Haarlem,Leiden,1592,15920906,15920906,Dutch,
DvdM_538a-192–93,"Della Faille, Jacques",1,Haarlem,Leiden,1592,15920911,15920906,Dutch,
DvdM_593a-124,"Meulen, Andries van der",1,Bremen,Leiden,1592,15920912,15920919,Dutch,
DvdM_558-024,"Janssen van der Meulen, Peeter",1,Newbury,Leiden,1592,15920922,15921013,Dutch,Changed date to new style
DvdM_538a-196,"Della Faille, Jacques",1,Haarlem,Leiden,1592,15920929,15920929,Dutch,
DvdM_336,"Busschuysen, Marya van",1,Utrecht,Leiden,1592,15920930,15920930,Dutch,
DvdM_538a-197,"Della Faille, Jacques",1,Haarlem,Leiden,1592,15921003,15921004,Dutch,
DvdM_295-04,"Meulen, Sara van der",1,Bremen,Leiden,1592,15921011,15921019,Dutch,Changed date to new style
DvdM_269-01,"Della Faille, Hester",1,Leiden,Antwerp,1592,15921015,NA,Dutch,
DvdM_439-04,"Moliart, Pieter",1,The Hague,Leiden,1592,15921015,15921016,,
DvdM_353-02,"Fremin, George de",1,Liege,Leiden,1592,15921016,15921022,,
DvdM_614-02,"Pierens, Gillis",1,Amsterdam,Leiden,1592,15921018,15921019,Dutch,
DvdM_558-025–6,"Janssen van der Meulen, Peeter",1,London,Leiden,1592,15921031,15921108,Dutch,Changed date to new style
DvdM_538a-198,"Della Faille, Jacques",1,Haarlem,Leiden,1592,15921102,15921103,Dutch,
DvdM_538a-199,"Della Faille, Jacques",1,Haarlem,Leiden,1592,15921106,15921106,Dutch,
DvdM_538a-200,"Della Faille, Jacques",1,Haarlem,Leiden,1592,15921116,15921116,Dutch,
DvdM_412,"Lesten, Elias",1,The Hague,Haarlem,1592,15921118,NA,,
DvdM_558-027,"Janssen van der Meulen, Peeter",1,London,Leiden,1592,15921122,15921208,Dutch,Changed date to new style
DvdM_538a-201,"Della Faille, Jacques",1,Haarlem,Leiden,1592,15921126,15921128,Dutch,
DvdM_538a-202,"Della Faille, Jacques",1,Haarlem,Leiden,1592,15921203,15921203,Dutch,
DvdM_593a-125,"Meulen, Andries van der",1,Bremen,Leiden,1592,15921209,15921218,Dutch,
DvdM_353-03,"Fremin, George de",1,Liege,Leiden,1592,15921211,15921216,,
DvdM_538a-203,"Della Faille, Jacques",1,Haarlem,Leiden,1592,15921212,15921212,Dutch,
DvdM_538a-204,"Della Faille, Jacques",1,Haarlem,Leiden,1592,15921215,15921216,Dutch,
DvdM_593a-126,"Meulen, Andries van der",1,Bremen,Leiden,1592,15921216,15921226,Dutch,
DvdM_295-05,"Meulen, Sara van der",1,Bremen,Leiden,1592,15921217,15921223,Dutch,Changed date to new style
DvdM_593a-127,"Meulen, Andries van der",1,Bremen,Leiden,1592,15921219,NA,Dutch,
DvdM_274-38,"Della Faille, Marten",1,Antwerp,Leiden,1592,15921224,15930123,Dutch,DvdM_274-39 is a copy of this letter.
DvdM_593a-128/129,"Meulen, Andries van der",1,Bremen,Leiden,1592,15921225,15930105,Dutch,
DvdM_538a-206,"Della Faille, Jacques",1,Haarlem,Leiden,1592,15921226,15921228,Dutch,
DvdM_538a-207,"Della Faille, Jacques",1,Haarlem,Leiden,1592,15921229,15921230,Dutch,
DvdM_538a-208,"Della Faille, Jacques",1,Haarlem,Leiden,1592,15921230,15921230,Dutch,
DvdM_593a-130,"Meulen, Andries van der",1,Bremen,Leiden,1593,15930101,15930112,Dutch,
DvdM_593a-131,"Meulen, Andries van der",1,Bremen,Leiden,1593,15930102,15930112,Dutch,
DvdM_558-028,"Janssen van der Meulen, Peeter",1,Leiden,Delft,1593,15930121,15930121,Dutch,
DvdM_558-029,"Janssen van der Meulen, Peeter",1,Leiden,Delft,1593,15930124,15930124,Dutch,
DvdM_269-02,"Della Faille, Hester",1,Leiden,Haarlem,1593,15930202,15930202,Dutch,
DvdM_307,"Ancelmo, Antonio",1,Staden,Leiden,1593,15930206,15930221,Dutch,Changed date to new style
DvdM_614-03,"Pierens, Gillis",1,Amsterdam,Leiden,1593,15930209,15930220,Dutch,
DvdM_614-04,"Pierens, Gillis",1,Amsterdam,Leiden,1593,15930302,15930303,Dutch,
DvdM_614-05,"Pierens, Gillis",1,Amsterdam,Leiden,1593,15930317,15930320,Dutch,
DvdM_558-031,"Janssen van der Meulen, Peeter",1,Leiden,Haarlem,1593,15930325,NA,Dutch,
DvdM_614-07,"Pierens, Gillis",1,Amsterdam,Leiden,1593,15930325,15930326,Dutch,
DvdM_310-01,"Artsen, Dirck",1,Dordrecht,Leiden,1593,15930404,15930409,,
DvdM_310-02,"Artsen, Dirck",1,Dordrecht,Leiden,1593,15930415,15930420,,
DvdM_622-002,"Schot, Hans",1,Staden,Leiden,1593,15930426,15930511,Dutch,
DvdM_558-032,"Janssen van der Meulen, Peeter",1,Middelburg,Leiden,1593,15930505,15930509,Dutch,
DvdM_274-40,"Della Faille, Marten",1,Antwerp,Leiden,1593,15930512,15930522,Dutch,
DvdM_558-034,"Janssen van der Meulen, Peeter",1,Middelburg,Leiden,1593,15930515,15930517,Dutch,
DvdM_274-41,"Della Faille, Marten",1,Antwerp,Leiden,1593,15930813,15930820,Dutch,
DvdM_272,"Della Faille, Jeronimus",1,Ghent,Leiden,1593,15930901,15930927,Dutch,
DvdM_558-042,"Janssen van der Meulen, Peeter",1,Leiden,Amsterdam,1593,15930903,NA,Dutch,
DvdM_558-043,"Janssen van der Meulen, Peeter",1,Leiden,Bremen,1593,15930907,NA,Dutch,Sent a letter once a week to Daniel in Bremen for 5 straight weeks
DvdM_558-045,"Janssen van der Meulen, Peeter",1,Leiden,Bremen,1593,15930914,NA,Dutch,
DvdM_622-003,"Schot, Hans",1,Staden,Bremen,1593,15930914,15930918,Dutch,
DvdM_269-04,"Della Faille, Hester",1,Leiden,Bremen,1593,15930921,15931005,Dutch,Changed received date to old style
DvdM_558-046,"Janssen van der Meulen, Peeter",1,Leiden,Bremen,1593,15930921,NA,Dutch,
DvdM_274-42,"Della Faille, Marten",1,Antwerp,Leiden,1593,15930928,15931001,Dutch,
DvdM_558-047,"Janssen van der Meulen, Peeter",1,Leiden,Bremen,1593,15930928,NA,Dutch,
DvdM_558-048,"Janssen van der Meulen, Peeter",1,Leiden,Bremen,1593,15931005,NA,Dutch,
DvdM_558-049,"Janssen van der Meulen, Peeter",1,Leiden,Amsterdam,1593,15931012,NA,Dutch,
DvdM_558-050,"Janssen van der Meulen, Peeter",1,Leiden,Amsterdam,1593,15931015,NA,Dutch,
DvdM_622-004,"Schot, Hans",1,Amsterdam,Leiden,1593,15931018,15931018,Dutch,
DvdM_558-051,"Janssen van der Meulen, Peeter",1,Leiden,The Hague,1593,15931029,15931029,Dutch,
DvdM_270-04,"Della Faille, Gio",1,Antwerp,Leiden,1593,15931031,NA,Italian,
DvdM_558-053,"Janssen van der Meulen, Peeter",1,Harlingen,Leiden,1593,15931121,15931127,Dutch,
DvdM_558-054,"Janssen van der Meulen, Peeter",1,Emden,Leiden,1593,15931121,15931219,Dutch,
DvdM_622-005,"Schot, Hans",1,Haarlem,Leiden,1593,15931128,15931128,Dutch,
DvdM_270-05,"Della Faille, Gio",1,Antwerp,Leiden,1593,15931130,15931207,Italian,
DvdM_622-006,"Schot, Hans",1,Haarlem,Leiden,1593,15931201,15931202,Dutch,
DvdM_274-43,"Della Faille, Marten",1,Antwerp,Leiden,1593,15931207,15931211,Dutch,
DvdM_558-055,"Janssen van der Meulen, Peeter",1,Bremen,Leiden,1593,15931207,15931215,Dutch,Changed date to new style
DvdM_622-007,"Schot, Hans",1,Haarlem,Leiden,1593,15931212,15931213,Dutch,
DvdM_270-06,"Della Faille, Gio",1,Antwerp,Leiden,1593,15931212,15931215,Italian,
DvdM_453-01,"Pierens, Gillis",1,Amsterdam,Leiden,1593,15931223,15931228,Dutch,
DvdM_622-008,"Schot, Hans",1,Haarlem,Leiden,1593,15931224,15931226,Dutch,
DvdM_622-009,"Schot, Hans",1,Haarlem,Leiden,1593,15931230,15931231,Dutch,
DvdM_654,Aneel,1,Nuremberg,Leiden,1594,15940102,15940110,,Changed date to new style
DvdM_453-02,"Pierens, Gillis",1,Amsterdam,Leiden,1594,15940105,NA,Dutch,
DvdM_453-03,"Pierens, Gillis",1,Amsterdam,Leiden,1594,15940112,15940113,Dutch,
DvdM_622-010,"Schot, Hans",1,Haarlem,Leiden,1594,15940122,15940123,Dutch,
DvdM_622-011,"Schot, Hans",1,Haarlem,Leiden,1594,15940127,15940128,Dutch,
DvdM_453-04,"Pierens, Gillis",1,Amsterdam,Leiden,1594,15940130,15940201,Dutch,
DvdM_558-056,"Janssen van der Meulen, Peeter",1,Middelburg,Leiden,1594,15940205,15940209,Dutch,
DvdM_274-44,"Della Faille, Marten",1,Antwerp,Leiden,1594,15940211,15940223,Dutch,
DvdM_558-057,"Janssen van der Meulen, Peeter",1,Middelburg,Leiden,1594,15940213,15940219,Dutch,
DvdM_558-058,"Janssen van der Meulen, Peeter",1,Middelburg,Leiden,1594,15940218,15940223,Dutch,
DvdM_558-059,"Janssen van der Meulen, Peeter",1,Middelburg,Leiden,1594,15940219,15940223,Dutch,
DvdM_558-060,"Janssen van der Meulen, Peeter",1,Middelburg,Leiden,1594,15940226,15940306,Dutch,
DvdM_453-05,"Pierens, Gillis",1,Amsterdam,Leiden,1594,15940227,15940227,Dutch,
DvdM_558-062,"Janssen van der Meulen, Peeter",1,Middelburg,Leiden,1594,15940302,15940306,Dutch,
DvdM_558-063,"Janssen van der Meulen, Peeter",1,Middelburg,Leiden,1594,15940303,15940308,Dutch,
DvdM_273-01,"Della Faille, Maria",1,NA,Leiden,1594,15940307,NA,Dutch,Need to look at letter and find where it was from and where it was sent.
DvdM_558-064,"Janssen van der Meulen, Peeter",1,Middelburg,Leiden,1594,15940308,15940310,Dutch,
DvdM_558-065–66,"Janssen van der Meulen, Peeter",1,Middelburg,Leiden,1594,15940315,15940318,Dutch,
DvdM_622-012,"Schot, Hans",1,Haarlem,Leiden,1594,15940318,15940318,Dutch,
DvdM_558-067,"Janssen van der Meulen, Peeter",1,Middelburg,Leiden,1594,15940322,15940325,Dutch,
DvdM_468-04,"Reide, Everhard de",1,Leeuwarden,Leiden,1594,15940322,15940411,Latin,
DvdM_558-068,"Janssen van der Meulen, Peeter",1,Middelburg,Leiden,1594,15940325,15940330,Dutch,
DvdM_558-069,"Janssen van der Meulen, Peeter",1,Middelburg,Leiden,1594,15940401,NA,Dutch,
DvdM_558-070,"Janssen van der Meulen, Peeter",1,Middelburg,Leiden,1594,15940408,15940411,Dutch,
DvdM_558-071,"Janssen van der Meulen, Peeter",1,Middelburg,Leiden,1594,15940415,15940420,Dutch,
DvdM_537-01,"Della Faille, Gillis",1,Haarlem,Leiden,1594,15940423,15940423,Dutch,
DvdM_558-073,"Janssen van der Meulen, Peeter",1,Middelburg,Leiden,1594,15940423,15940425,Dutch,
DvdM_558-074,"Janssen van der Meulen, Peeter",1,Middelburg,Leiden,1594,15940429,15940502,Dutch,
DvdM_558-075,"Janssen van der Meulen, Peeter",1,Middelburg,Leiden,1594,15940507,15940511,Dutch,
DvdM_622-013,"Schot, Hans",1,Haarlem,Leiden,1594,15940511,15940511,Dutch,
DvdM_537-02,"Della Faille, Gillis",1,Haarlem,Leiden,1594,15940512,15940512,Dutch,
DvdM_558-076,"Janssen van der Meulen, Peeter",1,Middelburg,Leiden,1594,15940513,15940516,Dutch,
DvdM_270-07,"Della Faille, Gio",1,Antwerp,Leiden,1594,15940526,NA,Italian,
DvdM_558-079,"Janssen van der Meulen, Peeter",1,Amsterdam,Leiden,1594,15940530,15940531,Dutch,
DvdM_558-080,"Janssen van der Meulen, Peeter",1,Amsterdam,Leiden,1594,15940531,15940531,Dutch,
DvdM_558-082,"Janssen van der Meulen, Peeter",1,Amsterdam,Leiden,1594,15940603,15940603,Dutch,
DvdM_558-083,"Janssen van der Meulen, Peeter",1,Amsterdam,Dordrecht,1594,15940604,15940606,Dutch,
DvdM_274-45,"Della Faille, Marten",1,Antwerp,Leiden,1594,15940605,15940609,Dutch,
DvdM_558-085,"Janssen van der Meulen, Peeter",1,Amsterdam,Leiden,1594,15940608,15940611,Dutch,"Letter was probably not sent until June 11th, because that is date listed on back"
DvdM_270-08,"Della Faille de Oude, Jacques",1,Antwerp,Leiden,1594,15940609,NA,Dutch,Letter is small and signed by Jacques della Faille. It say ‘u oom’ so must be Jacques de Oude
DvdM_558-086,"Janssen van der Meulen, Peeter",1,Amsterdam,Leiden,1594,15940609,15940610,Dutch,Letter contains letters from both Peeter Janssen and Baptista Oyens
DvdM_558-086,"Oyens, Baptista",1,Amsterdam,Leiden,1594,15940609,15940610,Dutch,Letter contains letters from both Peeter Janssen and Baptista Oyens
DvdM_558-088,"Janssen van der Meulen, Peeter",1,Amsterdam,Leiden,1594,15940610,15940611,Dutch,
DvdM_558-089,"Janssen van der Meulen, Peeter",1,Amsterdam,Leiden,1594,15940611,15940611,Dutch,
DvdM_558-090,"Janssen van der Meulen, Peeter",1,Amsterdam,Leiden,1594,15940619,15940620,Dutch,
DvdM_558-091,"Janssen van der Meulen, Peeter",1,Amsterdam,Leiden,1594,15940621,15940621,Dutch,
DvdM_558-092,"Janssen van der Meulen, Peeter",1,Haarlem,Leiden,1594,15940622,15940622,Dutch,
DvdM_270-09,"Della Faille, Gio",1,Antwerp,Leiden,1594,15940623,15940701,Italian,
DvdM_558-093,"Janssen van der Meulen, Peeter",1,Haarlem,Leiden,1594,15940629,15940629,Dutch,
DvdM_347,"Della Faille, Steven",1,Haarlem,Leiden,1594,15940704,15940704,Dutch,Daniel answered this letter ‘met woorden’
DvdM_558-095,"Janssen van der Meulen, Peeter",1,Amsterdam,Leiden,1594,15940705,15940706,Dutch,
DvdM_558-096,"Janssen van der Meulen, Peeter",1,Amsterdam,Leiden,1594,15940706,15940706,Dutch,
DvdM_558-097,"Janssen van der Meulen, Peeter",1,Amsterdam,Leiden,1594,15940707,15940707,Dutch,
DvdM_622-014,"Schot, Hans",1,Haarlem,Leiden,1594,15940712,NA,Dutch,
DvdM_622-015,"Schot, Hans",1,Haarlem,Leiden,1594,15940716,15940716,Dutch,
DvdM_270-10,"Della Faille, Gio",1,Antwerp,Leiden,1594,15940721,NA,Italian,
DvdM_453-06,"Pierens, Gillis",1,Amsterdam,Leiden,1594,15940723,15940723,French,
DvdM_622-016,"Schot, Hans",1,Haarlem,Leiden,1594,15940725,15940725,Dutch,
DvdM_622-017,"Schot, Hans",1,Haarlem,Leiden,1594,15940726,15940726,Dutch,
DvdM_453-07,"Della Faille, Jacques",1,Haarlem,Leiden,1594,15940815,15940815,Dutch,Not clear how Gillis Pierens is involved in the letter.
DvdM_269-05,"Della Faille, Hester",1,Leiden,Antwerp,1594,15940827,NA,Dutch,
DvdM_553-06,"Hoest, Mattheus de",1,Leiden,Antwerp,1594,15940829,15940910,Dutch,
DvdM_622-018,"Schot, Hans",1,Haarlem,Antwerp,1594,15940831,15940908,Dutch,
DvdM_269-06,"Della Faille, Hester",1,Leiden,Antwerp,1594,15940904,NA,Dutch,
DvdM_553-07,"Hoest, Mattheus de",1,Leiden,Antwerp,1594,15940916,15940923,Dutch,
DvdM_622-019,"Schot, Hans",1,Haarlem,Antwerp,1594,15940918,15940926,Dutch,
DvdM_453-08,"Pierens, Gillis",1,Haarlem,Leiden,1594,15940919,15940919,Dutch,Addressed to Hester. Not clear how Gillis Pierens is involved in the letter.
DvdM_269-07,"Della Faille, Hester",1,Leiden,Antwerp,1594,15940921,15940928,Dutch,
DvdM_274-46,"Della Faille, Marten",1,Brussels,Antwerp,1594,15940926,15940927,Dutch,Daniel responds to this letter with DvdM 274-47 with a letter to Brussels.
DvdM_269-08,"Della Faille, Hester",1,Leiden,Antwerp,1594,15941005,NA,Dutch,
DvdM_269-09,"Della Faille, Hester",1,Leiden,Antwerp,1594,15941012,NA,Dutch,
DvdM_558-098–99,"Janssen van der Meulen, Peeter",1,Stockholm,Leiden,1594,15941014,15941104,Dutch,
DvdM_270-11,"Della Faille, Gio",1,Antwerp,Leiden,1594,15941020,15941027,Italian,
DvdM_274-48,"Della Faille, Marten",1,Antwerp,Leiden,1594,15941028,15941109,Dutch,
DvdM_274-49,"Della Faille, Marten",1,Antwerp,Leiden,1594,15941031,15941109,Dutch,
DvdM_274-50,"Della Faille, Marten",1,Antwerp,Leiden,1594,15941107,15941118,Dutch,
DvdM_622-020/21,"Schot, Hans",1,Haarlem,Leiden,1594,15941109,15941109,Dutch,
DvdM_453-09,"Pierens, Gillis",1,Huisduinen,Bremen,1594,15941129,NA,Dutch,
DvdM_622-023,"Schot, Hans",1,Haarlem,Bremen,1594,15941214,15941228,Dutch,
DvdM_269-10,"Della Faille, Hester",1,Leiden,Bremen,1594,15941219,15941230,Dutch,Changed received date to old style
DvdM_553-08,"Hoest, Mattheus de",1,Leiden,Bremen,1595,15950120,15950201,Dutch,
DvdM_274-51,"Della Faille, Marten",1,Antwerp,Leiden,1595,15950222,15950226,Dutch,
DvdM_615,"Pierens, Gillis",1,Morocco,Leiden,1595,15950317,NA,Dutch,
DvdM_622-024,"Schot, Hans",1,The Hague,Leiden,1595,15950321,15950321,Dutch,
DvdM_265-01,"Della Faille, Andries",1,Middelburg,Leiden,1595,15950324,15950328,Dutch,
DvdM_271-01,"Della Faille, Jan de Carlo",1,Antwerp,Leiden,1595,15950403,15950407,Dutch,
DvdM_622-025,"Schot, Hans",1,Middelburg,Leiden,1595,15950412,15950416,Dutch,
DvdM_309-01,"Anthonissen, Dierick",1,Haarlem,Leiden,1595,15950412,15950412,,
DvdM_265-02,"Della Faille, Andries",1,Middelburg,Leiden,1595,15950414,15950422,Dutch,
DvdM_270-12,"Della Faille, Gio",1,Antwerp,Leiden,1595,15950415,15950422,Dutch,
DvdM_274-52,"Della Faille, Marten",1,Antwerp,Leiden,1595,15950425,15950502,Dutch,
DvdM_265-03,"Della Faille, Andries",1,Middelburg,Leiden,1595,15950426,15950428,Dutch,
DvdM_265-04,"Della Faille, Andries",1,Middelburg,Leiden,1595,15950428,NA,Dutch,
DvdM_622-026,"Schot, Hans",1,Middelburg,Leiden,1595,15950526,15950528,Dutch,
DvdM_622-027,"Schot, Hans",1,Middelburg,Leiden,1595,15950615,15950617,Dutch,
DvdM_265-05,"Della Faille, Andries",1,Middelburg,Leiden,1595,15950616,15950619,Dutch,
DvdM_622-028,"Schot, Hans",1,Middelburg,Leiden,1595,15950624,15950627,Dutch,
DvdM_622-029,"Schot, Hans",1,Middelburg,Leiden,1595,15950628,15950629,Dutch,
DvdM_553-09,"Hoest, Mattheus de",1,Leiden,Haarlem,1595,15950705,NA,Dutch,To the house of Jacques della Faille
DvdM_622-030/31,"Schot, Hans",1,Middelburg,Leiden,1595,15950713,15950720,Dutch,
DvdM_622-032,"Schot, Hans",1,Middelburg,Leiden,1595,15950713,15950717,Dutch,
DvdM_622-033/34,"Schot, Hans",1,Middelburg,Leiden,1595,15950715,15950720,Dutch,
DvdM_622-035,"Schot, Hans",1,Middelburg,Leiden,1595,15950719,15950720,Dutch,
DvdM_622-036,"Schot, Hans",1,Middelburg,Leiden,1595,15950812,15950817,Dutch,
DvdM_622-037,"Schot, Hans",1,Middelburg,Leiden,1595,15950812,15950812,Dutch,
DvdM_622-038,"Schot, Hans",1,Middelburg,Leiden,1595,15950818,15950819,Dutch,
DvdM_622-039,"Schot, Hans",1,Middelburg,Leiden,1595,15950818,15950819,Dutch,
DvdM_622-040,"Schot, Hans",1,Middelburg,Leiden,1595,15950819,NA,Dutch,
DvdM_537-03,"Della Faille, Gillis",1,"Gravesend, UK",Leiden,1595,15950824,15950831,Dutch,
DvdM_622-041,"Schot, Hans",1,Middelburg,Leiden,1595,15950825,15950826,Dutch,
DvdM_622-042,"Schot, Hans",1,Middelburg,Leiden,1595,15950901,15950911,Dutch,
DvdM_622-043,"Schot, Hans",1,Middelburg,Leiden,1595,15950901,15950911,Dutch,
DvdM_622-044,"Schot, Hans",1,Middelburg,Leiden,1595,15950902,15950904,Dutch,
DvdM_270-13,"Della Faille, Gio",1,Antwerp,Leiden,1595,15950906,15950912,Dutch,
DvdM_622-045,"Schot, Hans",1,Middelburg,Leiden,1595,15950908,15950911,Dutch,
DvdM_269-11,"Della Faille, Hester",1,Leiden,Haarlem,1595,15950918,15950918,Dutch,
DvdM_622-046,"Schot, Hans",1,Middelburg,Leiden,1595,15950922,15950927,Dutch,
DvdM_622-047,"Schot, Hans",1,Middelburg,Leiden,1595,15951004,15951006,Dutch,
DvdM_622-048,"Schot, Hans",1,Middelburg,Leiden,1595,15951015,15951019,Dutch,
DvdM_622-049,"Schot, Hans",1,Middelburg,Leiden,1595,15951019,15951025,Dutch,
DvdM_265-06,"Della Faille, Andries",1,Middelburg,Leiden,1595,15951020,15950227,Dutch,
DvdM_265-07,"Della Faille, Andries",1,Middelburg,Leiden,1595,15951025,15951027,Dutch,
DvdM_622-050,"Schot, Hans",1,Middelburg,Leiden,1595,15951025,15951027,Dutch,
DvdM_622-051,"Schot, Hans",1,Middelburg,Leiden,1595,15951030,15951108,Dutch,
DvdM_274-53/54,"Della Faille, Marten",1,Antwerp,Leiden,1595,15951101,15951106,Dutch,
DvdM_622-052,"Schot, Hans",1,Middelburg,Leiden,1595,15951109,15951112,Dutch,
DvdM_622-053,"Schot, Hans",1,Middelburg,Leiden,1595,15951112,15951116,Dutch,
DvdM_622-054,"Schot, Hans",1,Middelburg,Leiden,1595,15951116,15951120,Dutch,
DvdM_622-055,"Schot, Hans",1,Middelburg,Leiden,1595,15951123,NA,Dutch,
DvdM_622-056,"Schot, Hans",1,Middelburg,Leiden,1595,15951125,15951129,Dutch,
DvdM_622-057,"Schot, Hans",1,Middelburg,Leiden,1595,15951128,15951201,Dutch,
DvdM_265-08,"Della Faille, Andries",1,Middelburg,Leiden,1595,15951130,15951207,Dutch,
DvdM_622-058,"Schot, Hans",1,Middelburg,Leiden,1595,15951202,15951206,Dutch,
DvdM_622-059,"Schot, Hans",1,Middelburg,Leiden,1595,15951205,NA,Dutch,
DvdM_622-060,"Schot, Hans",1,Middelburg,Leiden,1595,15951211,15951215,Dutch,
DvdM_622-061,"Schot, Hans",1,Middelburg,Leiden,1595,15951213,15951219,Dutch,
DvdM_622-062,"Schot, Hans",1,Middelburg,Leiden,1595,15951213,15951219,Dutch,
DvdM_622-063,"Schot, Hans",1,Middelburg,Leiden,1595,15951223,15951230,Dutch,
DvdM_622-064,"Schot, Hans",1,Middelburg,Leiden,1595,15951224,15951230,Dutch,
DvdM_271-02,"Della Faille, Jan de Carlo",1,Antwerp,Leiden,1595,15951231,15960111,Dutch,
DvdM_622-065,"Schot, Hans",1,Middelburg,Leiden,1596,15960102,15960104,Dutch,
DvdM_622-066,"Schot, Hans",1,Middelburg,Leiden,1596,15960108,15960113,Dutch,
DvdM_622-067,"Schot, Hans",1,Middelburg,Leiden,1596,15960111,15960116,Dutch,
DvdM_270-14,"Della Faille, Gio",1,Antwerp,Leiden,1596,15960112,15960120,Dutch,
DvdM_622-068,"Schot, Hans",1,Middelburg,Leiden,1596,15960113,15960116,Dutch,
DvdM_622-069,"Schot, Hans",1,Middelburg,Leiden,1596,15960113,15960116,Dutch,
DvdM_622-070,"Schot, Hans",1,Middelburg,Leiden,1596,15960120,15960122,Dutch,
DvdM_622-072,"Schot, Hans",1,Middelburg,Leiden,1596,15960124,15960128,Dutch,
DvdM_622-073,"Schot, Hans",1,Middelburg,Leiden,1596,15960131,15960204,Dutch,
DvdM_622-074,"Schot, Hans",1,Middelburg,Leiden,1596,15960201,15960211,Dutch,
DvdM_622-076/77,"Schot, Hans",1,Middelburg,Leiden,1596,15960207,15960211,Dutch,
DvdM_622-078,"Schot, Hans",1,Middelburg,Leiden,1596,15960209,15960211,Dutch,
DvdM_622-079,"Schot, Hans",1,Middelburg,Leiden,1596,15960215,15960218,Dutch,
DvdM_622-080,"Schot, Hans",1,Middelburg,Leiden,1596,15960220,15960222,Dutch,
DvdM_274-55,"Della Faille, Marten",1,Ghent,Leiden,1596,15960226,15960308,Dutch,
DvdM_622-081,"Schot, Hans",1,Middelburg,Leiden,1596,15960227,15960308,Dutch,
DvdM_622-082,"Schot, Hans",1,Middelburg,Leiden,1596,15960229,NA,Dutch,
DvdM_622-083,"Schot, Hans",1,Middelburg,Leiden,1596,15960302,15960302,Dutch,
DvdM_271-03,"Della Faille, Jan de Carlo",1,Antwerp,Leiden,1596,15960307,15960313,Dutch,
DvdM_622-084,"Schot, Hans",1,Middelburg,Leiden,1596,15960310,15960313,Dutch,
DvdM_266,"Della Faille, Charles",1,Rotterdam,Leiden,1596,15960310,15960310,French,
DvdM_582-1,"Lincklaes, Wynant",1,Leiden,Amsterdam,1596,15960313,15960314,Dutch,
DvdM_622-085,"Schot, Hans",1,Middelburg,Leiden,1596,15960313,15960318,Dutch,
DvdM_622-086,"Schot, Hans",1,Middelburg,Leiden,1596,15960314,15960316,Dutch,
DvdM_315-01,"Beaulieu, Charles de",1,The Hague,Leiden,1596,15960314,NA,,
DvdM_315-02,"Beaulieu, Charles de",1,The Hague,Leiden,1596,15960315,NA,,"Received date is unclear, so I left it as NA."
DvdM_622-087,"Schot, Hans",1,Middelburg,Leiden,1596,15960317,15960320,Dutch,
DvdM_622-088,"Schot, Hans",1,Middelburg,Leiden,1596,15960319,15960322,Dutch,
DvdM_622-089,"Schot, Hans",1,Middelburg,Leiden,1596,15960324,15960327,Dutch,
DvdM_312,"Balochius, Franciscus",1,Salins-les-Bains,Leiden,1596,15960325,NA,Dutch,
DvdM_622-090,"Schot, Hans",1,Middelburg,Leiden,1596,15960328,15960331,Dutch,
DvdM_622-091,"Schot, Hans",1,Middelburg,Leiden,1596,15960330,15960403,Dutch,
DvdM_622-092,"Schot, Hans",1,Middelburg,Leiden,1596,15960409,15960410,Dutch,
DvdM_622-093,"Schot, Hans",1,Middelburg,Leiden,1596,15960418,15960421,Dutch,
DvdM_622-094,"Schot, Hans",1,Middelburg,Leiden,1596,15960421,15960423,Dutch,
DvdM_269-12,"Della Faille, Hester",1,Leiden,Haarlem,1596,15960422,15960422,Dutch,
DvdM_622-095,"Schot, Hans",1,Middelburg,Leiden,1596,15960425,15960428,Dutch,
DvdM_622-096,"Schot, Hans",1,Middelburg,Leiden,1596,15960426,15960428,Dutch,
DvdM_622-097,"Schot, Hans",1,Middelburg,Leiden,1596,15960510,15960511,Dutch,
DvdM_622-098,"Schot, Hans",1,Middelburg,Leiden,1596,15960517,15960522,Dutch,
DvdM_622-099,"Schot, Hans",1,Middelburg,Leiden,1596,15960517,15960527,Dutch,
DvdM_622-100,"Schot, Hans",1,Middelburg,Leiden,1596,15960519,15960522,Dutch,
DvdM_537-04,"Della Faille, Gillis",1,Haarlem,Leiden,1596,15960528,15960529,Dutch,
DvdM_622-101,"Schot, Hans",1,Middelburg,Leiden,1596,15960530,NA,Dutch,
DvdM_622-102,"Schot, Hans",1,Middelburg,Leiden,1596,15960603,15960604,Dutch,
DvdM_537-05,"Della Faille, Gillis",1,Haarlem,Leiden,1596,15960607,15960607,Dutch,
DvdM_271-04,"Della Faille, Jan de Carlo",1,Antwerp,Leiden,1596,15960610,NA,Dutch,
DvdM_622-103,"Schot, Hans",1,Middelburg,Leiden,1596,15960612,15960615,Dutch,
DvdM_622-104,"Schot, Hans",1,Middelburg,Leiden,1596,15960614,15960615,Dutch,
DvdM_622-105,"Schot, Hans",1,Middelburg,Leiden,1596,15960616,NA,Dutch,
DvdM_622-108,"Schot, Hans",1,Middelburg,Leiden,1596,15960619,15960623,Dutch,
DvdM_622-109,"Schot, Hans",1,Middelburg,Leiden,1596,15960623,15960626,Dutch,
DvdM_622-110,"Schot, Hans",1,Middelburg,Leiden,1596,15960629,15960701,Dutch,
DvdM_622-111,"Schot, Hans",1,Middelburg,Leiden,1596,15960713,15960714,Dutch,
DvdM_622-112,"Schot, Hans",1,Middelburg,Leiden,1596,15960714,15960718,Dutch,
DvdM_582-2,"Lincklaes, Wynant",1,The Hague,Leiden,1596,15960715,15960715,Dutch,
DvdM_582-3,"Lincklaes, Wynant",1,The Hague,Leiden,1596,15960716,15960716,Dutch,
DvdM_622-113,"Schot, Hans",1,Middelburg,Leiden,1596,15960716,15960718,Dutch,
DvdM_622-114,"Schot, Hans",1,Middelburg,Leiden,1596,15960720,15960725,Dutch,
DvdM_622-115,"Schot, Hans",1,Haarlem,Leiden,1596,15960725,15960725,Dutch,
DvdM_622-116,"Schot, Hans",1,Amsterdam,Leiden,1596,15960726,15960726,Dutch,
DvdM_622-117,"Schot, Hans",1,Amsterdam,Leiden,1596,15960726,15960726,Dutch,
DvdM_622-118,"Schot, Hans",1,Amsterdam,Leiden,1596,15960729,15960730,Dutch,
DvdM_622-119,"Schot, Hans",1,Haarlem,Leiden,1596,15960803,15960803,Dutch,
DvdM_622-120,"Schot, Hans",1,Middelburg,Leiden,1596,15960817,15960820,Dutch,
DvdM_622-121,"Schot, Hans",1,Middelburg,Leiden,1596,15960823,15960825,Dutch,
DvdM_622-122,"Schot, Hans",1,Middelburg,Leiden,1596,15960824,15960826,Dutch,
DvdM_622-123/124,"Schot, Hans",1,Middelburg,Leiden,1596,15960905,15960907,Dutch,
DvdM_622-125,"Schot, Hans",1,Middelburg,Leiden,1596,15960907,15960909,Dutch,
DvdM_622-126,"Schot, Hans",1,Middelburg,Leiden,1596,15960912,15960916,Dutch,
DvdM_622-127/128,"Schot, Hans",1,Middelburg,Leiden,1596,15960923,15960924,Dutch,
DvdM_622-129,"Schot, Hans",1,Middelburg,Leiden,1596,15960928,15960930,Dutch,
DvdM_622-130,"Schot, Hans",1,Middelburg,Leiden,1596,15960929,15961004,Dutch,
DvdM_622-131/132,"Schot, Hans",1,Middelburg,Leiden,1596,15961002,15961005,Dutch,
DvdM_622-133,"Schot, Hans",1,Middelburg,Leiden,1596,15961005,15961011,Dutch,
DvdM_622-134,"Schot, Hans",1,Middelburg,Leiden,1596,15961008,15961010,Dutch,
DvdM_622-135,"Schot, Hans",1,Middelburg,Leiden,1596,15961018,15961021,Dutch,
DvdM_655-01,"Badonere, J.",1,Frankfurt,Leiden,1596,15961018,15961108,,
DvdM_622-136,"Schot, Hans",1,Middelburg,Leiden,1596,15961022,15961025,Dutch,
DvdM_622-137,"Schot, Hans",1,Middelburg,Leiden,1596,15961024,15961028,Dutch,
DvdM_346-01,"Della Faille, Cornelis",1,Staden,Leiden,1596,15961025,15970124,Italian,Changed sent date to new style
DvdM_622-138,"Schot, Hans",1,Middelburg,Leiden,1596,15961028,15961102,Dutch,
DvdM_275-01,"Della Faille, David",1,Delft,Leiden,1596,15961106,15961108,Dutch,
DvdM_622-139,"Schot, Hans",1,Middelburg,Leiden,1596,15961106,15961109,Dutch,
DvdM_622-140,"Schot, Hans",1,Middelburg,Leiden,1596,15961107,15961111,Dutch,
DvdM_622-141,"Schot, Hans",1,Middelburg,Leiden,1596,15961113,15961117,Dutch,
DvdM_275-02,"Della Faille, David",1,Delft,Leiden,1596,15961118,NA,Dutch,
DvdM_622-142,"Schot, Hans",1,Middelburg,Leiden,1596,15961130,15961203,Dutch,
DvdM_622-143,"Schot, Hans",1,Middelburg,Leiden,1596,15961202,15961205,Dutch,
DvdM_271-05,"Della Faille, Jan de Carlo",1,Antwerp,Leiden,1596,15961206,15961214,Dutch,
DvdM_622-144,"Schot, Hans",1,Middelburg,Leiden,1596,15961206,15961209,Dutch,
DvdM_622-145,"Schot, Hans",1,Middelburg,Leiden,1596,15961212,15961215,Dutch,
DvdM_622-146,"Schot, Hans",1,Middelburg,Leiden,1596,15961216,15961218,Dutch,
DvdM_517,"Beaulieu, Daniel de",1,Amsterdam,Leiden,1596,15961224,15970102,Dutch,
DvdM_655-03,"Badonere, J.",1,Rouen,Leiden,1596,15961228,15970114,,
DvdM_622-147,"Schot, Hans",1,Middelburg,Leiden,1596,15961229,15970103,Dutch,
DvdM_622-148,"Schot, Hans",1,Middelburg,Leiden,1597,15970110,15970112,Dutch,
DvdM_622-149,"Schot, Hans",1,Middelburg,Leiden,1597,15970121,15970124,Dutch,
DvdM_537-06,"Della Faille, Gillis",1,Amsterdam,Leiden,1597,15970123,15970125,Dutch,
DvdM_622-150,"Schot, Hans",1,Middelburg,Leiden,1597,15970125,15970127,Dutch,
DvdM_622-151,"Schot, Hans",1,Middelburg,Leiden,1597,15970130,15970203,Dutch,
DvdM_622-152,"Schot, Hans",1,Middelburg,Leiden,1597,15970205,15970207,Dutch,
DvdM_622-153,"Schot, Hans",1,Middelburg,Leiden,1597,15970210,15970216,Dutch,
DvdM_622-154,"Schot, Hans",1,Middelburg,Leiden,1597,15970215,15970219,Dutch,
DvdM_622-155,"Schot, Hans",1,Middelburg,Leiden,1597,15970223,15970301,Dutch,
DvdM_271-06,"Della Faille, Jan de Carlo",1,Antwerp,Leiden,1597,15970225,15970302,Dutch,
DvdM_622-156,"Schot, Hans",1,Middelburg,Leiden,1597,15970228,15970303,Dutch,
DvdM_270-15,"Della Faille, Gio",1,Antwerp,Leiden,1597,15970301,15970305,Dutch,
DvdM_622-157,"Schot, Hans",1,Middelburg,Leiden,1597,15970304,15970304,Dutch,
DvdM_275-04,"Della Faille, David",1,Delft,Leiden,1597,15970306,15970308,Dutch,
DvdM_622-159,"Schot, Hans",1,Middelburg,Leiden,1597,15970311,15970314,Dutch,
DvdM_622-160,"Schot, Hans",1,Middelburg,Leiden,1597,15970319,15970324,Dutch,
DvdM_622-161,"Schot, Hans",1,Middelburg,Leiden,1597,15970322,15970325,Dutch,
DvdM_270-16,"Della Faille, Gio",1,Antwerp,Leiden,1597,15970331,15970406,Dutch,
DvdM_622-162,"Schot, Hans",1,Middelburg,Leiden,1597,15970414,15970417,Dutch,
DvdM_622-163,"Schot, Hans",1,Middelburg,Leiden,1597,15970417,15970422,Dutch,
DvdM_622-164,"Schot, Hans",1,Middelburg,Leiden,1597,15970428,NA,Dutch,
DvdM_622-165,"Schot, Hans",1,Middelburg,Leiden,1597,15970428,15970503,Dutch,
DvdM_537-07,"Della Faille, Gillis",1,Amsterdam,Leiden,1597,15970429,15970429,Dutch,
DvdM_270-17,"Della Faille, Gio",1,Antwerp,Leiden,1597,15970429,15970507,Dutch,
DvdM_537-08,"Della Faille, Gillis",1,Amsterdam,Leiden,1597,15970502,15970502,Dutch,
DvdM_622-166,"Schot, Hans",1,Middelburg,Leiden,1597,15970509,15970511,Dutch,
DvdM_622-167,"Schot, Hans",1,Middelburg,Leiden,1597,15970512,15970515,Dutch,
DvdM_622-168,"Schot, Hans",1,Middelburg,Leiden,1597,15970520,15970522,Dutch,
DvdM_622-169,"Schot, Hans",1,Middelburg,Leiden,1597,15970528,15970601,Dutch,
DvdM_622-170,"Schot, Hans",1,Middelburg,Leiden,1597,15970530,15970603,Dutch,
DvdM_622-171,"Schot, Hans",1,Middelburg,Leiden,1597,15970604,15970605,Dutch,
DvdM_622-172,"Schot, Hans",1,Middelburg,Leiden,1597,15970610,15970613,Dutch,
DvdM_622-173,"Schot, Hans",1,Middelburg,Leiden,1597,15970611,15970616,Dutch,
DvdM_622-174,"Schot, Hans",1,Middelburg,Leiden,1597,15970618,15970621,Dutch,
DvdM_537-09,"Della Faille, Gillis",1,Amsterdam,Leiden,1597,15970624,NA,Dutch,
DvdM_622-175,"Schot, Hans",1,Middelburg,Leiden,1597,15970626,15970629,Dutch,
DvdM_622-176,"Schot, Hans",1,Middelburg,Leiden,1597,15970701,15970703,Dutch,
DvdM_537-10,"Della Faille, Gillis",1,Amsterdam,Leiden,1597,15970702,NA,Dutch,
DvdM_622-178,"Schot, Hans",1,Middelburg,Leiden,1597,15970710,15970713,Dutch,
DvdM_265-09,"Della Faille, Andries",1,Middelburg,Leiden,1597,15970716,15970723,Dutch,
DvdM_622-179,"Schot, Hans",1,Middelburg,Leiden,1597,15970720,15970723,Dutch,
DvdM_622-180,"Schot, Hans",1,Middelburg,Leiden,1597,15970724,15970727,Dutch,
DvdM_271-07,"Della Faille, Jan de Carlo",1,Antwerp,Leiden,1597,15970801,15970807,Dutch,
DvdM_622-181,"Schot, Hans",1,Middelburg,Leiden,1597,15970801,15970803,Dutch,
DvdM_622-182,"Schot, Hans",1,Middelburg,Leiden,1597,15970810,15970812,Dutch,
DvdM_271-08,"Della Faille, Jan de Carlo",1,Antwerp,Leiden,1597,15970812,15970824,Dutch,received date somewhat ambiguous
DvdM_622-183,"Schot, Hans",1,Middelburg,Leiden,1597,15970821,15970824,Dutch,
DvdM_537-11,"Della Faille, Gillis",1,Leiden,Leiden,1597,15970906,NA,Dutch,
DvdM_622-184,"Schot, Hans",1,Middelburg,Leiden,1597,15970925,15970928,Dutch,
DvdM_271-09,"Della Faille, Jan de Carlo",1,Antwerp,Leiden,1597,15970926,15971002,Dutch,
DvdM_537-12,"Della Faille, Gillis",1,Haarlem,Leiden,1597,15970928,15970928,Dutch,
DvdM_622-185,"Schot, Hans",1,Middelburg,Leiden,1597,15970928,15970930,Dutch,
DvdM_622-186,"Schot, Hans",1,Middelburg,Leiden,1597,15971002,15971006,Dutch,
DvdM_622-187,"Schot, Hans",1,Middelburg,Leiden,1597,15971005,15971007,Dutch,
DvdM_622-188,"Schot, Hans",1,Middelburg,Leiden,1597,15971011,15971015,Dutch,
DvdM_622-189,"Schot, Hans",1,Middelburg,Leiden,1597,15971012,15971015,Dutch,
DvdM_537-13,"Della Faille, Gillis",1,The Hague,Leiden,1597,15971015,15971016,Dutch,"Gillis signs stukken 12–23 as from Haege, which I am fairly sure is The Hague"
DvdM_537-14,"Della Faille, Gillis",1,The Hague,Leiden,1597,15971027,15971027,Dutch,
DvdM_271-10,"Della Faille, Jan de Carlo",1,Antwerp,Leiden,1597,15971028,15971108,Dutch,
DvdM_537-15,"Della Faille, Gillis",1,The Hague,Leiden,1597,15971104,15971104,Dutch,
DvdM_537-16,"Della Faille, Gillis",1,The Hague,Leiden,1597,15971108,15971108,Dutch,
DvdM_514-01,"Ancelmo, Gilles",1,Middelburg,Leiden,1597,15971114,15971118,Dutch,
DvdM_537-17,"Della Faille, Gillis",1,The Hague,Leiden,1597,15971118,15971118,Dutch,
DvdM_537-18,"Della Faille, Gillis",1,The Hague,Leiden,1597,15971120,15971120,Dutch,
DvdM_537-19,"Della Faille, Gillis",1,The Hague,Leiden,1597,15971126,NA,Dutch,
DvdM_655-02,"Badonere, J.",1,Paris,Leiden,1597,15971220,15980117,,
DvdM_274-56,"Della Faille, Marten",1,Antwerp,Leiden,1597,15971229,15980109,Dutch,
DvdM_269-13,"Della Faille, Hester",1,Leiden,Antwerp,1598,15980101,NA,Dutch,No exact date
DvdM_270-18,"Della Faille, Gio",1,Antwerp,Leiden,1598,15980103,NA,Dutch,
DvdM_274-57,"Della Faille, Marten",1,Brussels,Antwerp,1598,15980116,NA,Dutch,
DvdM_516-01,"Baerle, Jan van",1,Amsterdam,Leiden,1598,15980129,15980131,,
DvdM_516-02,"Baerle, Jan van",1,Amsterdam,Leiden,1598,15980203,NA,,
DvdM_270-19,"Della Faille, Gio",1,Antwerp,Leiden,1598,15980205,15980211,Dutch,
DvdM_267-01,"Della Faille, David",1,Delft,Leiden,1598,15980212,15980220,Dutch,
DvdM_271-14,"Della Faille, Jan de Carlo",1,Antwerp,Leiden,1598,15980219,15980224,Dutch,
DvdM_271-15,"Della Faille, Jan de Carlo",1,Antwerp,Leiden,1598,15980222,15980227,Dutch,
DvdM_274-58,"Della Faille, Marten",1,Brussels,Leiden,1598,15980223,15980305,Dutch,
DvdM_537-20,"Della Faille, Gillis",1,The Hague,Leiden,1598,15980304,15980305,Dutch,
DvdM_537-21,"Della Faille, Gillis",1,The Hague,Leiden,1598,15980306,15980308,Dutch,
DvdM_274-59,"Della Faille, Marten",1,Brussels,Leiden,1598,15980307,15980320,Dutch,
DvdM_537-22,"Della Faille, Gillis",1,The Hague,Leiden,1598,15980311,15980311,Dutch,
DvdM_274-60,"Della Faille, Marten",1,Brussels,Leiden,1598,15980318,15980326,Dutch,
DvdM_308-01,"Andriessen, Nicolaes",1,Breda,Leiden,1598,15980330,NA,Dutch,
DvdM_270-20,"Della Faille, Gio",1,Antwerp,Leiden,1598,15980407,15980421,Dutch,Letter was begun on 30 March
DvdM_305-06,"Albada, Aggaeus de",1,Spieren,Leiden,1598,15980414,15980727,Latin,
DvdM_271-16,"Della Faille, Jan de Carlo",1,Cologne,Leiden,1598,15980418,NA,Dutch,
DvdM_537-23,"Della Faille, Gillis",1,The Hague,Leiden,1598,15980521,NA,Dutch,
DvdM_273-02,"Della Faille, Maria",1,Verona,Leiden,1598,15980522,15980612,Dutch,
DvdM_540,"Della Faille, Piat",1,Verona,Leiden,1598,15980530,15980615,Italian,Must have been sent along with letter from Maria della Faille (273-2)
DvdM_274-61,"Della Faille, Marten",1,Brussels,Leiden,1598,15980602,15980610,Dutch,
DvdM_267-02,"Della Faille, David",1,Delft,Leiden,1598,15980603,NA,Dutch,
DvdM_271-17,"Della Faille, Jan de Carlo",1,Antwerp,Leiden,1598,15980603,15980610,Dutch,
DvdM_267-03,"Della Faille, David",1,Delft,Leiden,1598,15980619,15980619,Dutch,Addressed to Abraham Berrewijns
DvdM_270-21,"Della Faille, Gio",1,Antwerp,Leiden,1598,15980629,15980707,Dutch,
DvdM_618,Richardot,1,Brussels,Leiden,1598,15980717,15980725,,
DvdM_274-62,"Della Faille, Marten",1,Brussels,Leiden,1598,15980718,15980726,Dutch,Written on 17 and 18 July 1598
DvdM_270-22,"Della Faille, Gio",1,Antwerp,Leiden,1598,15980722,15980726,Italian,
DvdM_270-23,"Della Faille, Gio",1,Antwerp,Leiden,1598,15980805,15980809,Italian,
DvdM_270-24,"Della Faille, Gio",1,Antwerp,Leiden,1598,15980819,15980824,Italian,
DvdM_274-63,"Della Faille, Marten",1,Brussels,Leiden,1598,15980822,15980902,Dutch,
DvdM_304,"Aertssen, Johan",1,The Hague,Leiden,1598,15980824,15980825,Dutch,
DvdM_530-02,"Boots, Hans",1,Haarlem,Leiden,1598,15980829,15980909,Dutch,
DvdM_514-02,"Ancelmo, Gilles",1,Middelburg,Leiden,1598,15980905,15980909,Dutch,
DvdM_514-03,"Ancelmo, Gilles",1,Middelburg,Leiden,1598,15980907,15980912,Dutch,
DvdM_274-64,"Della Faille, Marten",1,Brussels,Leiden,1598,15980908,15980924,Dutch,
DvdM_274-65,"Della Faille, Marten",1,Brussels,Leiden,1598,15981006,15981016,Dutch,
DvdM_516-03,"Baerle, Jan van",1,Amsterdam,Leiden,1598,15981007,15981008,,
DvdM_308-02,"Andriessen, Nicolaes",1,Breda,Leiden,1598,15981017,NA,Dutch,
DvdM_346-02,"Della Faille, Cornelis",1,Haarlem,Leiden,1598,15981101,15981113,Italian,Sent date is approximate
DvdM_270-25,"Della Faille, Gio",1,Antwerp,Leiden,1598,15981112,15981118,Italian,
DvdM_514-04,"Ancelmo, Gilles",1,Middelburg,Leiden,1598,15981113,15981120,Dutch,
DvdM_265-10,"Della Faille, Andries",1,Guinea voor Maure,Leiden,1598,15981217,15990722,Dutch,
DvdM_316-01,"Becker, Samuel",1,The Hague,Leiden,1599,15990106,NA,,
DvdM_514-05,"Ancelmo, Gilles",1,Middelburg,Leiden,1599,15990113,15990120,Dutch,
DvdM_274-66,"Della Faille, Marten",1,Brussels,Leiden,1599,15990113,15990128,Dutch,"Not clear where letter is sent from, but I am guessing Brussels."
DvdM_434-04,"Meteren, Emanuel van",1,The Hague,Leiden,1599,15990115,NA,Dutch,
DvdM_514-06,"Ancelmo, Gilles",1,Middelburg,Leiden,1599,15990216,15990227,Dutch,
DvdM_274-67,"Della Faille, Marten",1,Ghent,Leiden,1599,15990312,15990319,Dutch,
DvdM_309-02,"Anthonissen, Dierick",1,Haarlem,Leiden,1599,15990317,15990317,,
DvdM_265-11,"Della Faille, Andries",1,Cape Lopez Gonsalves,Leiden,1599,15990324,15990724,Dutch,
DvdM_274-68/69,"Della Faille, Marten",1,Brussels,Leiden,1599,15990415,15990426,Dutch,
DvdM_269-14,"Della Faille, Hester",1,Leiden,Amsterdam,1599,15990430,NA,Dutch,
DvdM_270-27,"Della Faille, Gio",1,Antwerp,Leiden,1599,15990505,15990511,Dutch,Signed Joan Giorgio della Faille
DvdM_274-70,"Della Faille, Marten",1,Brussels,Leiden,1599,15990507,15990610,Dutch,
DvdM_274-72,"Della Faille, Marten",1,Antwerp,Leiden,1599,15990521,15990610,Dutch,
DvdM_269-15,"Della Faille, Hester",1,Leiden,Cologne,1599,15990603,15990609,Dutch,Did not change received date to old style
DvdM_274-73,"Della Faille, Marten",1,Brussels,Cologne,1599,15990625,NA,Dutch,
DvdM_274-74,"Della Faille, Marten",1,Brussels,Leiden,1599,15990710,15990724,Dutch,
DvdM_270-28,"Della Faille, Gio",1,Antwerp,Leiden,1599,15990714,15990723,Dutch,
DvdM_295-07,"Meulen, Sara van der",1,Utrecht,Leiden,1599,15990722,15990802,French,
DvdM_274-75,"Della Faille, Marten",1,Brussels,Leiden,1599,15991010,15991018,Dutch,
DvdM_265-12,"Della Faille, Andries",1,Amsterdam,Leiden,1599,15991020,15991020,Dutch,
DvdM_274-76,"Della Faille, Marten",1,Brussels,Leiden,1599,15991112,15991127,Dutch,
DvdM_553-10,"Hoest, Mattheus de",1,Leiden,Middelburg,1599,15991212,15991216,Dutch,
DvdM_295-08,"Meulen, Sara van der",1,Amsterdam,Leiden,1600,16000104,16000115,Dutch,"No address, but must be sent to Leiden"
DvdM_295-09,"Meulen, Sara van der",1,Utrecht,Leiden,1600,16000109,16000120,French,
DvdM_268,"Della Faille, Joris",1,Antwerp,Leiden,1600,16000110,16000119,Dutch,
DvdM_274-77,"Della Faille, Marten",1,Brussels,Leiden,1600,16000119,16000203,Dutch,
DvdM_271-18,"Della Faille, Jan de Carlo",1,Antwerp,Leiden,1600,16000328,16000409,Dutch,
DvdM_265-13,"Della Faille, Andries",1,Leiden,Middelburg,1600,16000405,16000409,Dutch,
DvdM_295-11,"Meulen, Sara van der",1,Utrecht,Leiden,1600,16000415,16000415,Dutch,
DvdM_274-78,"Della Faille, Marten",1,Brussels,Leiden,1600,16000425,16000430,Dutch,
DvdM_539-02,"Malapert, Nicolas",1,Frankfurt,Leiden,1600,16000515,NA,,Changed date to new style. Received date is unclear.
DvdM_316-02,"Becker, Samuel",1,Middelburg,Leiden,1600,16000702,16000704,,
DvdM_270-29,"Della Faille, Gio",1,Antwerp,Leiden,1600,16000717,16000725,Italian,
DvdM_274-79/80,"Della Faille, Marten",1,Brussels,Leiden,1600,16000718,16000822,Dutch,
DvdM_50-01,"Banos, Theophile de",1,Frankfurt,Antwerp,1578,NA,NA,French,DvdM_50 is from 1578 . It is addressed to Daniel ‘maintenant’ in Antwerp. The letter concerns military situation. Not clear that it is from Frankfurt.
DvdM_502-01,"Eynde, Anneken van den",1,Bergen op Zoom,Bremen,1591,NA,NA,,No clear date.
DvdM_538a-084/85,"Hamels, Josina",1,Haarlem,Leiden,1592,NA,NA,Dutch,"No date, but sent to Pieterskerk, so year is approximate"
DvdM_622-071,"Schot, Hans",1,Middelburg,Leiden,1596,NA,15960126,Dutch,
DvdM_622-177,"Schot, Hans",1,Middelburg,Leiden,1597,NA,15970723,Dutch,
DvdM_270-03,"Della Faille, Jan",1,NA,NA,NA,NA,NA,Dutch,Unclear when this letter was written.
DvdM_276,"Della Faille, Pieter",1,NA,Leiden,NA,NA,NA,Dutch,"No date, but sent to Leiden and written on 28 August."
DvdM_465-3,"Queecborne, Daniel van den",1,NA,Leiden,NA,NA,NA,Dutch,"Unknown date or source location. Likely from The Hague, which is where he lived after 1594."
DvdM_622-001,"Schot, Hans",1,Staden,Leiden,NA,NA,NA,Dutch,
DvdM_270-26,"Wale, Jan de",1,NA,NA,NA,NA,NA,Italian,No date on the letter
DvdM_325-05,"Borne, Jan",1,Haarlem,Leiden,1591,15911128,15911129,Dutch,
DvdM_325-07,"Della Faille, Marten",1,Antwerp,Leiden,1591,15911210,NA,Dutch,
DvdM_325-09,"Borne, Jan",1,Antwerp,Leiden,1592,15920102,15920115,Dutch,
DvdM_325-10,"Borne, Jan",1,Antwerp,Leiden,1592,15920220,15920312,Dutch,
DvdM_325-11,"Borne, Jan",1,Antwerp,Leiden,1592,15920321,NA,Dutch,
DvdM_325-12,"Borne, Jan",1,Antwerp,Leiden,1592,15920401,NA,Dutch,
DvdM_325-13,"Borne, Jan",1,Antwerp,Leiden,1592,15920418,NA,Dutch,
DvdM_325-14,"Borne, Jan",1,Antwerp,Leiden,1592,15920711,15920718,Dutch,Not clear if this letter is from June or July
DvdM_325-15,"Borne, Jan",1,Antwerp,Leiden,1592,15920718,15920723,Dutch,
DvdM_325-16,"Borne, Jan",1,Antwerp,Leiden,1592,15920814,15920901,Dutch,
DvdM_325-17,"Borne, Jan",1,Antwerp,Leiden,1592,15920930,15921004,Dutch,
DvdM_325-18,"Borne, Jan",1,Antwerp,Leiden,1592,15921012,15921020,Dutch,
DvdM_325-19,"Borne, Jan",1,Antwerp,Leiden,1592,15921121,15921129,Dutch,
DvdM_325-20,"Borne, Jan",1,Antwerp,Leiden,1593,15930327,15930409,Dutch,
DvdM_325-21,"Borne, Jan",1,Antwerp,Leiden,1593,15930614,15930620,Dutch,
DvdM_325-22,"Borne, Jan",1,Ghent,Leiden,1593,15930925,15930930,Dutch,
DvdM_325-23,"Borne, Jan",1,Ghent,Leiden,1593,15931108,NA,Dutch,
DvdM_325-24,"Borne, Jan",1,Antwerp,Leiden,1594,15940605,15940611,Dutch,
DvdM_325-25,"Borne, Jan",1,Ghent,Leiden,1594,15940630,15940709,Dutch,
DvdM_325-26,"Borne, Jan",1,Ghent,Antwerp,1594,15940903,NA,Dutch,
DvdM_325-28,"Borne, Jan",1,Ghent,Leiden,1595,15950808,15950812,Dutch,
DvdM_325-29,"Borne, Jan",1,Antwerp,Leiden,1595,15950821,15950827,Dutch,
DvdM_325-30–31,"Borne, Jan",1,Ghent,Leiden,1595,15950926,15951016,Dutch,
DvdM_325-32,"Borne, Jan",1,Ghent,Leiden,1596,15960218,15960227,Dutch,
DvdM_325-33,"Borne, Jan",1,Ghent,Leiden,1596,15960224,15960304,Dutch,Begins with a copy of st 30
DvdM_325-34a,"Borne, Jan",1,Verona,Leiden,1596,15960605,NA,Dutch,Two letters the first being a copy
DvdM_325-34b,"Borne, Jan",1,Verona,Leiden,1596,15960621,15960715,Dutch,
DvdM_325-35,"Borne, Jan",1,Antwerp,Leiden,1598,15981201,15981209,Dutch,
DvdM_325-36,"Borne, Jan",1,Ghent,Leiden,1599,15990119,15990128,Dutch,
DvdM_325-37a,"Borne, Jan",1,Antwerp,Leiden,1599,15990405,15990409,Dutch,"Stuk has two letters on it, one from Borne and one from Van den Beke"
DvdM_325-37b,"Beke, Jan van den",1,Amsterdam,Leiden,1599,15990408,NA,Dutch,"Stuk has two letters on it, one from Borne and one from Van den Beke"
DvdM_325-38,"Borne, Jan",1,Amsterdam,Leiden,1600,16000112,16000115,Dutch,
DvdM_325-39,"Borne, Jan",1,Amsterdam,Leiden,1600,16000127,16000131,Dutch,
DvdM_325-40,"Borne, Jan",1,Stade,Leiden,1600,16000303,16000316,Dutch,
DvdM_278,"Frumault, Robert",1,The Hague,Leiden,1591,15911204,NA,Dutch,
DvdM_297-01,"Pierens, Francois",1,Bremen,Leiden,1592,15920327,15920403,Dutch,Changed date to new style
DvdM_297-02,"Pierens, Francois",1,Bremen,Leiden,1592,15920529,15920605,Dutch,Changed date to new style
DvdM_297-03,"Pierens, Francois",1,Bremen,Leiden,1592,15920619,15920626,Dutch,Changed date to new style
DvdM_297-04–5,"Pierens, Francois",1,Bremen,Leiden,1592,15920730,NA,Dutch,Changed date to new style
DvdM_297-06,"Pierens, Francois",1,Bremen,Leiden,1592,15920829,15920905,Dutch,Changed date to new style
DvdM_297-07,"Pierens, Francois",1,Bremen,Leiden,1592,15921121,15921203,Dutch,Changed date to new style
DvdM_297-08,"Pierens, Francois",1,Bremen,Leiden,1593,15930125,15930206,Dutch,Changed date to new style
DvdM_297-09,"Pierens, Francois",1,Bremen,Leiden,1593,15930224,15930307,Dutch,Changed date to new style
DvdM_297-10,"Pierens, Francois",1,Bremen,Leiden,1593,15930416,15930423,Dutch,Changed date to new style
DvdM_297-11,"Pierens, Francois",1,Bremen,Leiden,1593,15930809,15930817,Dutch,Changed date to new style
DvdM_297-12,"Pierens, Francois",1,Bremen,Leiden,1593,15931220,NA,Dutch,Changed date to new style
DvdM_297-13,"Pierens, Francois",1,Bremen,Leiden,1594,15940218,15940310,Dutch,Changed date to new style
DvdM_297-14,"Pierens, Francois",1,Bremen,Leiden,1594,15940526,15940602,Dutch,Changed date to new style
DvdM_297-15,"Pierens, Francois",1,Bremen,Leiden,1594,15941106,15941128,Dutch,"Changed date to new style. Received on 28 ditto, which must be November and not October."
DvdM_297-16,"Pierens, Francois",1,Bremen,Leiden,1595,15950428,15950508,Dutch,Changed date to new style
DvdM_297-17,"Pierens, Francois",1,Bremen,Leiden,1595,15950607,15950616,Dutch,Changed date to new style
DvdM_297-18,"Pierens, Francois",1,Bremen,Leiden,1596,15960109,15960118,Dutch,Changed date to new style
DvdM_297-19,"Pierens, Francois",1,Bremen,Leiden,1596,15960509,15960516,Dutch,Changed date to new style
DvdM_297-20,"Pierens, Francois",1,Bremen,Leiden,1597,15970515,15970521,Dutch,Changed date to new style
DvdM_297-21,"Pierens, Francois",1,Bremen,Leiden,1597,15970715,15970719,Dutch,Changed date to new style
DvdM_297-22,"Pierens, Francois",1,Bremen,Leiden,1597,15970911,15970919,Dutch,Changed date to new style
DvdM_297-23,"Pierens, Francois",1,Bremen,Leiden,1597,15971030,15971108,Dutch,Changed date to new style
DvdM_297-25,"Lempereur, Antoine",1,Bremen,Leiden,1594,15940219,15940308,French,Changed date to new style
Total,,1019,,,,,,,